n_ID	n_LEVEL_LEARN	s_ICON	n_PASSIVE	n_ISCLASS	n_SKILL_FRAME	n_ACHIEVEMENT	s_CONDITIONAL_SKILL	n_LEVELS	f_SP_LEVE1	f_SP_LEVEL2PLUS	s_CONDITIONAL_AMITY	n_PASSIVE_EFFECT	n_CD	n_TARGET	n_EQUIPTYPE	n_EQUIPTYPE_LHAND	n_STAMINA_COST	s_CAST_CONDITION	s_CAST_BEHAVIOR
1	1	IS120	2	0	0	0		1	1.0	1.0		0	1	0	0	0	0	GO(0)	CHASE(1)
2	1	SKILL_002	2	0	0	0		1	1.0	1.0		0	1	0	0	0	0	GO(0)	CHASE(2)
3	1	SKILL_003	2	0	0	0		1	1.0	1.0		0	1	0	0	0	0	GO(0)	CHASE(3)
4	1	SKILL_004	2	0	0	0		1	1.0	1.0		0	1	0	0	0	0	GO(0)	CHASE(4)
5	1	SKILL_006	2	0	0	0		1	1.0	1.0		0	1	0	0	0	0	GO(0)	CHASE(5)
6	1	SKILL_006	2	0	0	0		120	1.0	1.0		0	1	1	0	0	0	GO(0)	CHASE(6)
7	1	SKILL_007	2	0	0	0		120	1.0	1.0		0	1	2	0	0	0	GO(0)	CHASE(7)
8	1	SKILL_008	2	0	0	0		120	1.0	1.0		0	1	0	0	0	0	GO(0)	CHASE(8)
9	1	IS120	5	0	0	0		1	1.0	1.0		0	204	0	0	0	0	GO(0)	CHASE(9)
10	1	SKILL_010	2	0	0	0		120	1.0	1.0		0	1	0	0	0	0	GO(0)	CHASE(10)
11	1	SKILL_011	2	0	0	0		120	1.0	1.0		0	1	0	0	0	0	GO(0)	CHASE(11)
12	1	SKILL_009	2	0	0	0		1	0.0	0.0		0	4	0	0	0	0	GO(0)	CHASE(9905)
13	1	SKILL_010	2	0	0	0		1	0.0	0.0		0	4	0	0	0	0	GO(0)	CHASE(9906)
14	1	IB048	5	0	0	0		120	1.0	1.0		0	203	0	0	0	0	GO(0)	CHASE(14)
15	1	IS120	5	0	0	0		120	1.0	1.0		0	205	0	0	0	0	GO(0)	CHASE(15)
16	1	SKILL_016	2	0	0	0		120	1.0	1.0		0	1	4	0	0	0	RANGE(16)	CHASE(16)
17	1	SKILL_017	2	0	0	0		120	1.0	1.0		0	1	2	0	0	0	RANGE(17)	CHASE(17)
18	1	SKILL_018	2	0	0	0		120	1.0	1.0		0	1	2	0	0	0	RANGE(18)	CHASE(18)
19	1	SKILL_019	2	0	0	0		120	1.0	1.0		0	1	2	0	0	0	RANGE(19)	CHASE(19)
20	1	IB001	2	0	0	0		1	1.0	1.0		0	1	1	1	1	0	GO(0)	CHASE(20)
21	1	IB002	2	0	0	0		1	1.0	1.0		0	1	0	0	0	0	GO(0)	CHASE(21)
22	1		2	0	0	0		1	1.0	1.0		0	75	0	0	0	0	GO(0)	CHASE(22)
23	1		2	0	0	0		1	1.0	1.0		0	75	0	0	0	0	GO(0)	CHASE(23)
24	1		2	0	0	0		1	1.0	1.0		0	75	0	0	0	0	GO(0)	CHASE(24)
25	1		2	0	0	0		1	1.0	1.0		0	75	0	0	0	0	GO(0)	CHASE(25)
26	1		2	0	0	0		1	1.0	1.0		0	75	0	0	0	0	GO(0)	CHASE(26)
27	1		2	0	0	0		1	1.0	1.0		0	75	0	0	0	0	GO(0)	CHASE(27)
28	1		2	0	0	0		1	1.0	1.0		0	75	0	0	0	0	GO(0)	CHASE(28)
29	1		2	0	0	0		1	1.0	1.0		0	75	0	0	0	0	GO(0)	CHASE(29)
30	1	IB011	2	0	0	0		1	1.0	1.0		0	1	0	0	0	0	GO(0)	CHASE(30)
31	1	IB012	2	0	0	0		1	1.0	1.0		0	1	0	0	0	0	GO(0)	CHASE(31)
32	1	IB013	2	0	0	0		1	1.0	1.0		0	1	0	0	0	0	GO(0)	CHASE(32)
33	1	IB014	2	0	0	0		1	1.0	1.0		0	1	0	0	0	0	GO(0)	CHASE(33)
34	1	IB015	2	0	0	0		1	1.0	1.0		0	1	0	0	0	0	GO(0)	CHASE(34)
35	1	IB016	2	0	0	0		1	1.0	1.0		0	1	0	0	0	0	GO(0)	CHASE(35)
36	1	IB017	2	0	0	0		1	1.0	1.0		0	1	0	0	0	0	GO(0)	CHASE(36)
37	1	IB018	2	0	0	0		1	1.0	1.0		0	1	0	0	0	0	GO(0)	CHASE(37)
38	1	IB019	2	0	0	0		1	1.0	1.0		0	1	0	0	0	0	GO(0)	CHASE(38)
39	1	IB020	2	0	0	0		1	1.0	1.0		0	1	0	0	0	0	GO(0)	CHASE(39)
40	1	IB021	2	0	0	0		1	1.0	1.0		0	1	0	0	0	0	GO(0)	CHASE(40)
41	1	IB022	2	0	0	0		1	1.0	1.0		0	1	0	0	0	0	GO(0)	CHASE(41)
42	1	IB023	2	0	0	0		1	1.0	1.0		0	1	0	0	0	0	GO(0)	CHASE(42)
43	1	IB024	2	0	0	0		1	1.0	1.0		0	1	0	0	0	0	GO(0)	CHASE(43)
44	1	IB025	2	0	0	0		1	1.0	1.0		0	1	0	0	0	0	GO(0)	CHASE(44)
45	1	IB026	2	0	0	0		1	1.0	1.0		0	1	0	0	0	0	GO(0)	CHASE(45)
46	1	IB027	2	0	0	0		1	1.0	1.0		0	1	0	0	0	0	GO(0)	CHASE(46)
47	1	IB028	2	0	0	0		1	1.0	1.0		0	1	0	0	0	0	GO(0)	CHASE(47)
48	1	IB029	2	0	0	0		1	1.0	1.0		0	1	0	0	0	0	GO(0)	CHASE(48)
49	1	IB030	2	0	0	0		1	1.0	1.0		0	1	0	0	0	0	GO(0)	CHASE(49)
50	1	IB031	2	0	0	0		1	1.0	1.0		0	1	0	0	0	0	GO(0)	CHASE(50)
51	1	IB032	2	0	0	0		1	1.0	1.0		0	1	0	0	0	0	GO(0)	CHASE(51)
52	1	IB033	3	0	0	0		1	1.0	1.0		0	1	0	0	0	0	GO(0)	CHASE(52)
60	1	IB020	4	0	0	0		1	1.0	1.0		0	1	0	0	0	0	GO(0)	CHASE(60)
61	1	IB021	4	0	0	0		1	1.0	1.0		0	1	0	0	0	0	GO(0)	CHASE(61)
62	1	IB022	4	0	0	0		1	1.0	1.0		0	1	0	0	0	0	GO(0)	CHASE(62)
63	1	IB023	4	0	0	0		1	1.0	1.0		0	1	0	0	0	0	GO(0)	CHASE(63)
64	1	IB024	4	0	0	0		1	1.0	1.0		0	1	0	0	0	0	GO(0)	CHASE(64)
65	1	IB025	4	0	0	0		1	1.0	1.0		0	1	0	0	0	0	GO(0)	CHASE(65)
66	1	IB026	4	0	0	0		1	1.0	1.0		0	1	0	0	0	0	GO(0)	CHASE(66)
67	1	IB027	4	0	0	0		1	1.0	1.0		0	1	0	0	0	0	GO(0)	CHASE(67)
68	1	IB028	4	0	0	0		1	1.0	1.0		0	1	0	0	0	0	GO(0)	CHASE(68)
69	1	IB029	4	0	0	0		1	1.0	1.0		0	1	0	0	0	0	GO(0)	CHASE(69)
70	1	IB030	4	0	0	0		1	1.0	1.0		0	1	0	0	0	0	GO(0)	CHASE(70)
71	1	IB031	4	0	0	0		1	1.0	1.0		0	1	0	0	0	0	GO(0)	CHASE(71)
72	1	IB032	4	0	0	0		1	1.0	1.0		0	1	0	0	0	0	GO(0)	CHASE(72)
73	1	IB033	4	0	0	0		1	1.0	1.0		0	1	0	0	0	0	GO(0)	CHASE(73)
74	1	IB032	4	0	0	0		1	1.0	1.0		0	1	0	0	0	0	GO(0)	CHASE(74)
75	1	IB033	4	0	0	0		1	1.0	1.0		0	1	0	0	0	0	GO(0)	CHASE(75)
76	1	IB034	4	0	0	0		1	1.0	1.0		0	1	0	0	0	0	GO(0)	CHASE(76)
80	1	IB030	2	0	0	0		1	1.0	0.0		0	0	0	0	0	0	GO(0)	CHASE(80)
90	1	IB030	2	0	0	0		1	1.0	0.0		0	0	1	0	0	0	RANGE(90)	CHASE(90)
91	1	IB000	2	0	0	0		1	1.0	0.0		0	111	5	0	0	0	GO(0)	CHASE(91)
92	1	IB000	2	0	0	0		1	1.0	0.0		0	112	5	0	0	0	GO(0)	CHASE(91)
93	1	IB000	2	0	0	0		1	1.0	0.0		0	1	0	0	0	0	BUFF_I(83,0,1)\nGO(0)	CHASE(82)\nCHASE(83)
94	1	IB000	2	0	0	0		1	1.0	0.0		0	0	0	0	0	0	GO(0)	CHASE(84)
95	1	IB000	2	0	0	0		1	1.0	0.0		0	0	0	0	0	0	GO(0)	CHASE(95)
96	1	IB000	2	0	0	0		1	1.0	0.0		0	0	0	0	0	0	GO(0)	CHASE(96)
98	1	IB030	2	0	0	0		1	1.0	0.0		0	0	0	0	0	0	GO(0)	
99	1	IB030	2	63	0	0		1	1.0	0.0		0	25	1	0	0	0	GO(0)	
110	1	I_AGI5_1	2	0	0	0		1	1.0	0.0		0	1	0	0	0	22	GO(0)	CHASE(110)
111	1	IB004	2	0	0	0		1	0.20000000298023224	0.0		0	1	0	0	0	0	ISVIP_I(1)\nGO(0)	CHASE(111)\nSKIP(782)
112	1	I_AGI5_3	2	0	0	0		1	1.0	0.0		0	1	0	0	0	0	GO(0)	CHASE(112)
113	1	IB004	2	0	0	0		1	1.0	0.0		0	1	0	0	0	0	GO(0)	CHASE(113)
114	1	Icon_Emotion_003	2	0	0	0		1	1.0	0.0		0	1	0	0	0	0	GO(0)	CHASE(114)
201	1	IS201	2	0	0	0		120	0.0	0.0		0	1	1	0	0	0	BUFF_I(298,0,1)\nGO(0)	CHASE(201)\nCHASE(2010)
202	1	IS202	2	0	0	0		120	0.0	0.0		0	1	2	0	0	0	GO(0)	CHASE(202)
278	1	ICON_SWORD_003_002	2	0	0	0		120	0.0	0.0		0	0	0	0	0	0	BUFF_I(1,0,1)\nRATE(50);RANGE(278)\nRANGE(279)	SKIP(0)\nCHASE(278)\nCHASE(279)
280	1	ICON_SWORD_003_002	2	1	0	0		1	1.0	1.0		0	0	1	1	1	0	BUFF_I(1,0,1)\nRATE(50);RANGE(280)\nRANGE(281)	SKIP(0)\nCHASE(280)\nCHASE(281)
282	1	ICON_FIREARM_001_000	2	4	0	0		1	1.0	1.0		0	0	1	16	0	0	BUFF_I(1,0,1)\nRATE(50);RANGE(282)\nRANGE(283)	SKIP(0)\nCHASE(282)\nCHASE(283)
284	1	ICON_SSTICK_000_000	2	2	0	0		1	1.0	1.0		0	0	1	2	0	0	BUFF_I(1,0,1)\nRANGE(284)	SKIP(0)\nCHASE(284)
286	1	ICON_LSTICK_003_004	2	32	0	0		1	1.0	1.0		0	0	1	64	0	0	BUFF_I(1,0,1)\nRATE(50);RANGE(286)\nRANGE(287)	SKIP(0)\nCHASE(286)\nCHASE(287)
288	1	ICON_SKULL_003_004	2	16	0	0		1	1.0	1.0		0	0	1	8	0	0	BUFF_I(1,0,1)\nRATE(50);RANGE(288)\nRANGE(289)	SKIP(0)\nCHASE(288)\nCHASE(289)
290	1	ICON_SKULL_003_004	2	8	0	0		1	1.0	1.0		0	0	1	32	0	0	BUFF_I(1,0,1)\nRANGE(291)	SKIP(0)\nCHASE(291)
298	15	IB000	2	0	0	0		1	1.0	1.0		0	0	0	0	0	0	GO(0)	CHASE(298)
299	1	IB000	2	0	0	0		1	1.0	1.0		0	0	0	0	0	0	BUFF_I(298,0,1)	CHASE(299)
501	1		2	0	0	0		1	1.0	1.0		0	0	0	0	0	0	GO(0)	CHASE(501)
502	1		2	0	0	0		1	1.0	1.0		0	0	0	0	0	0	GO(0)	CHASE(502)
503	1		2	0	0	0		1	1.0	1.0		0	0	0	0	0	0	GO(0)	CHASE(503)
504	1		2	0	0	0		1	1.0	1.0		0	0	0	0	0	0	GO(0)	CHASE(504)
505	1		2	0	0	0		1	1.0	1.0		0	0	0	0	0	0	GO(0)	CHASE(505)
510	1		2	0	0	0		1	1.0	1.0		0	0	0	0	0	0	HP_SHIP=(1)\nGO(0)	SKIP(824)\nCHASE(510)
511	1		2	0	0	0		1	1.0	1.0		0	0	0	0	0	0	HP_SHIP=(1)\nGO(0)	SKIP(824)\nCHASE(511)
512	1		2	0	0	0		1	1.0	1.0		0	0	0	0	0	0	HP_SHIP=(1)\nGO(0)	SKIP(824)\nCHASE(512)
513	1		2	0	0	0		1	1.0	1.0		0	0	0	0	0	0	HP_SHIP=(1)\nGO(0)	SKIP(824)\nCHASE(513)
520	1	IS120	5	0	0	0		1	1.0	1.0		0	520	0	0	0	0	GO(0)	CHASE(520)
521	1	IB048	5	0	0	0		1	1.0	1.0		0	521	0	0	0	0	GO(0)	CHASE(521)
522	1	IS120	5	0	0	0		1	1.0	1.0		0	522	0	0	0	0	GO(0)	CHASE(522)
523	1	IS120	5	0	0	0		1	1.0	1.0		0	523	0	0	0	0	GO(0)	CHASE(523)
524	1	IB048	5	0	0	0		1	1.0	1.0		0	524	0	0	0	0	GO(0)	CHASE(524)
525	1	IS120	5	0	0	0		1	1.0	1.0		0	525	0	0	0	0	GO(0)	CHASE(525)
526	1	IS120	5	0	0	0		1	1.0	1.0		0	526	0	0	0	0	GO(0)	CHASE(526)
527	1	IB048	5	0	0	0		1	1.0	1.0		0	527	0	0	0	0	GO(0)	CHASE(527)
528	1	IS120	5	0	0	0		1	1.0	1.0		0	528	0	0	0	0	GO(0)	CHASE(528)
529	1	IS120	5	0	0	0		1	1.0	1.0		0	529	0	0	0	0	GO(0)	CHASE(529)
530	1	IB048	5	0	0	0		1	1.0	1.0		0	530	0	0	0	0	GO(0)	CHASE(530)
531	1	IS120	5	0	0	0		1	1.0	1.0		0	531	0	0	0	0	GO(0)	CHASE(531)
550	1	IS161	5	0	0	0		1	1.0	1.0		0	550	0	0	0	0	GO(0)	CHASE(550)
551	1	IB020	5	0	0	0		1	1.0	1.0		0	551	0	0	0	0	GO(0)	CHASE(551)
552	1	IB009	5	0	0	0		1	1.0	1.0		0	552	0	0	0	0	GO(0)	CHASE(552)
553	1	IB005	5	0	0	0		1	1.0	1.0		0	553	0	0	0	0	GO(0)	CHASE(553)
554	1	IB011	5	0	0	0		1	1.0	1.0		0	554	0	0	0	0	GO(0)	CHASE(554)
555	1	IB011	5	0	0	0		1	1.0	1.0		0	555	0	0	0	0	GO(0)	CHASE(555)
556	1	I_STR4_1	5	0	0	0		1	1.0	1.0		0	556	0	0	0	0	GO(0)	CHASE(556)
557	1	ISV003	5	0	0	0		1	1.0	1.0		0	557	0	0	0	0	GO(0)	CHASE(557)
600	1	IS1211	5	0	0	0		1	1.0	1.0		0	600	0	0	0	0	GO(0)	CHASE(600)
601	1	IS1610	5	0	0	0		1	1.0	1.0		0	601	0	0	0	0	GO(0)	CHASE(601)
602	1	IS1200	5	0	0	0		1	1.0	1.0		0	602	0	0	0	0	GO(0)	CHASE(602)
603	1	IS1210	5	0	0	0		1	1.0	1.0		0	603	0	0	0	0	GO(0)	CHASE(603)
604	1	ICON_STONE_002_000	5	0	0	0		1	1.0	1.0		0	604	0	0	0	0	GO(0)	CHASE(604)
605	1	ICON_MISSION_017_000	5	0	0	0		1	1.0	1.0		0	605	0	0	0	0	GO(0)	CHASE(605)
650	1	IS1211	5	0	0	0		1	1.0	1.0		0	650	0	0	0	0	GO(0)	CHASE(650)
651	1	IS1610	5	0	0	0		1	1.0	1.0		0	651	0	0	0	0	GO(0)	CHASE(651)
652	1	IS1200	5	0	0	0		1	1.0	1.0		0	652	0	0	0	0	GO(0)	CHASE(652)
653	1	IS1210	5	0	0	0		1	1.0	1.0		0	653	0	0	0	0	GO(0)	CHASE(653)
654	1	ICON_STONE_002_000	5	0	0	0		1	1.0	1.0		0	654	0	0	0	0	GO(0)	CHASE(654)
655	1	ICON_MISSION_017_000	5	0	0	0		1	1.0	1.0		0	655	0	0	0	0	GO(0)	CHASE(655)
1003	20	IB049	2	0	0	0		1	1.0	1.0		0	25	2	0	0	0	RANGE(2949)	CHASE(2949)
2950	40	IB049	2	0	0	0		1	1.0	1.0	525;1	0	38	2	0	0	0	RANGE(2950)	CHASE(2950)
2951	20	IS002	2	0	0	0		1	1.0	1.0		0	0	0	0	0	0	GO(0)	CHASE(2951)
2952	20	IB049	2	0	0	0		1	1.0	1.0		0	38	2	0	0	0	BUFF_ALLY(2951,0,1);RANGE(2952)	CHASE(2952)
2953	1	IB049	2	0	0	0		1	1.0	1.0		0	0	0	0	0	0	BUFF_I(298,0,1);HAS_SKILL_I(2954)\nGO(0)	CHASE(2954)\nCHASE(2953)
2954	45	IB049	1	0	0	0	2950;1	1	1.0	1.0	2625;1	0	0	0	0	0	0		
2955	45	IB050	2	0	0	0		1	1.0	1.0	1750;1	0	38	2	0	0	0	RANGE(2955)	CHASE(2955)
2956	1	IB050	2	0	0	0		1	1.0	1.0		0	1	2	0	0	0	RANGE(2956)	CHASE(2956)
2957	45	IS002	2	0	0	0		1	1.0	1.0	3675;1	0	1	2	0	0	25	RANGE(2957)	CHASE(2957)
2960	45	IST000	2	0	0	0		1	1.0	1.0	4900;2	0	19	0	0	0	0	GO(0)	CHASE(2960)
2961	1	IST000	2	0	0	0		1	1.0	1.0		0	1	0	0	0	0	BUFF_I(2960,0,1)	CHASE(2961)
2962	1	IST000	2	0	0	0		1	1.0	1.0		0	1	0	0	0	0	BUFF_I(2961,0,1)	CHASE(2962)
2965	55	IST002	2	0	0	0		1	1.0	1.0	6300;2	0	20	0	0	0	0	GO(0)	CHASE(2965)
2966	1	IST002	2	0	0	0		1	1.0	1.0		0	1	2	0	0	0	BUFF_I(2966,0,1)	CHASE(2966)
2967	1	IST002	2	0	0	0		1	1.0	1.0		0	1	0	0	0	0	GO(0)	CHASE(2967)
2968	65	IST001	2	0	0	0		1	1.0	1.0	7875;3	0	21	0	0	0	0	GO(0)	CHASE(2968)
2969	1	IST001	2	0	0	0		1	1.0	1.0		0	1	0	0	0	0	GO(0)	CHASE(2969)
2970	1	IST001	2	0	0	0		1	1.0	1.0	70;7	0	1	0	0	0	0	BUFF_I(2969,0,1)	CHASE(2970)
2971	70	IST005	2	0	0	0		1	1.0	1.0	9215;4	0	22	1	0	0	20	RANGE(2971)	CHASE(2971)
2972	1	IST005	2	0	0	0		1	1.0	1.0		0	293	2	0	0	0	RANGE(2972)	CHASE(2972)
2973	1	IST005	2	0	0	0		1	1.0	1.0		0	0	1	0	0	0	BUFF_I(2972,0,4);RANGE(2973)\nBUFF_I(2972,0,3);RANGE(2974)	CHASE(2973)\nCHASE(2974)
2975	40	IST004	2	0	0	0		1	1.0	1.0	1050;1	0	39	1	0	0	0	RANGE(2975)	CHASE(2975)
2976	1	IST004	2	0	0	0		1	1.0	1.0		0	39	2	0	0	0	RANGE(2976)	CHASE(2976)
2977	1	IST004	2	0	0	0		1	1.0	1.0		0	0	1	0	0	0	BUFF_I(2976,0,2);RANGE(2977)\nGO(0)	CHASE(2977)\nSKIP(0)
2978	35	IST007	2	0	0	0		1	1.0	1.0	175;1	0	27	2	0	0	0	RANGE(2978)	CHASE(2978)
2979	1	IB013	2	0	0	0		1	1.0	1.0		0	1	1	0	0	0	DISTANCE_ENEMY>(2000);RANGE(2980)\nDISTANCE_ENEMY<(2000);DISTANCE_ENEMY>(800);RANGE(2981)\nRANGE(2982)	CHASE(2980)\nCHASE(2981)\nCHASE(2982)
3000	1	S_SKILL_0	3	0	0	0		1	0.0	0.0		0	0	0	0	0	0	GO(0)	CHASE(3000)
3001	1	S_SKILL_0	3	0	0	0		1	0.0	0.0		0	0	0	0	0	0	GO(0)	CHASE(3001)
3002	1	S_SKILL_0	3	0	0	0		1	0.0	0.0		0	0	0	0	0	0	GO(0)	CHASE(3002)
3003	1	S_SKILL_0	3	0	0	0		1	0.0	0.0		0	0	0	0	0	0	GO(0)	CHASE(3003)
3004	1	S_SKILL_0	3	0	0	0		1	0.0	0.0		0	0	0	0	0	0	GO(0)	CHASE(3004)
3005	1	S_SKILL_0	3	0	0	0		1	0.0	0.0		0	0	0	0	0	0	GO(0)	CHASE(3005)
3006	1	S_SKILL_0	3	0	0	0		1	0.0	0.0		0	0	0	0	0	0	GO(0)	CHASE(3006)
3007	1	S_SKILL_0	3	0	0	0		1	0.0	0.0		0	0	0	0	0	0	GO(0)	CHASE(3007)
3008	1	S_SKILL_0	3	0	0	0		1	0.0	0.0		0	0	0	0	0	0	GO(0)	CHASE(3008)
3009	1	S_SKILL_0	3	0	0	0		1	0.0	0.0		0	0	0	0	0	0	GO(0)	CHASE(3009)
3010	1	S_SKILL_0	3	0	0	0		1	0.0	0.0		0	0	0	0	0	0	GO(0)	CHASE(3010)
3011	1	S_SKILL_0	3	0	0	0		1	0.0	0.0		0	0	0	0	0	0	GO(0)	CHASE(3011)
3012	1	S_SKILL_0	3	0	0	0		1	0.0	0.0		0	0	0	0	0	0	GO(0)	CHASE(3012)
3013	1	S_SKILL_0	3	0	0	0		1	0.0	0.0		0	0	0	0	0	0	GO(0)	CHASE(3013)
3014	1	S_SKILL_0	3	0	0	0		1	0.0	0.0		0	0	0	0	0	0	GO(0)	CHASE(3014)
3015	1	S_SKILL_0	3	0	0	0		1	0.0	0.0		0	0	0	0	0	0	GO(0)	CHASE(3015)
3016	1	S_SKILL_0	3	0	0	0		1	0.0	0.0		0	0	0	0	0	0	GO(0)	CHASE(3016)
3017	1	S_SKILL_0	3	0	0	0		1	0.0	0.0		0	0	0	0	0	0	GO(0)	CHASE(3017)
3018	1	S_SKILL_0	3	0	0	0		1	0.0	0.0		0	0	0	0	0	0	GO(0)	CHASE(3018)
3019	1	S_SKILL_0	3	0	0	0		1	0.0	0.0		0	0	0	0	0	0	GO(0)	CHASE(3019)
3020	1	S_SKILL_0	3	0	0	0		1	0.0	0.0		0	0	0	0	0	0	GO(0)	CHASE(3020)
3021	1	S_SKILL_0	3	0	0	0		1	0.0	0.0		0	0	0	0	0	0	GO(0)	CHASE(3021)
3022	1	S_SKILL_0	3	0	0	0		1	0.0	0.0		0	0	0	0	0	0	GO(0)	CHASE(3022)
3023	1	S_SKILL_0	3	0	0	0		1	0.0	0.0		0	0	0	0	0	0	GO(0)	CHASE(3023)
3024	1	S_SKILL_0	3	0	0	0		1	0.0	0.0		0	0	0	0	0	0	GO(0)	CHASE(3024)
3025	1	S_SKILL_0	3	0	0	0		1	0.0	0.0		0	0	0	0	0	0	GO(0)	CHASE(3025)
3026	1	S_SKILL_0	3	0	0	0		1	0.0	0.0		0	0	0	0	0	0	GO(0)	CHASE(3026)
3027	1	S_SKILL_0	3	0	0	0		1	0.0	0.0		0	0	0	0	0	0	GO(0)	CHASE(3027)
3028	1	S_SKILL_0	3	0	0	0		1	0.0	0.0		0	0	0	0	0	0	GO(0)	CHASE(3028)
3029	1	S_SKILL_0	3	0	0	0		1	0.0	0.0		0	0	0	0	0	0	GO(0)	CHASE(3029)
3030	1	S_SKILL_0	3	0	0	0		1	0.0	0.0		0	0	0	0	0	0	GO(0)	CHASE(3030)
3031	1	S_SKILL_0	3	0	0	0		1	0.0	0.0		0	0	0	0	0	0	GO(0)	CHASE(3031)
3032	1	S_SKILL_0	3	0	0	0		1	0.0	0.0		0	0	0	0	0	0	GO(0)	CHASE(3032)
3033	1	S_SKILL_0	3	0	0	0		1	0.0	0.0		0	0	0	0	0	0	GO(0)	CHASE(3033)
3034	1	S_SKILL_0	3	0	0	0		1	0.0	0.0		0	0	0	0	0	0	GO(0)	CHASE(3034)
3035	1	S_SKILL_0	3	0	0	0		1	0.0	0.0		0	0	0	0	0	0	GO(0)	CHASE(3035)
3036	1	S_SKILL_0	3	0	0	0		1	0.0	0.0		0	0	0	0	0	0	GO(0)	CHASE(3036)
3037	1	S_SKILL_0	3	0	0	0		1	0.0	0.0		0	0	0	0	0	0	GO(0)	CHASE(3037)
3038	1	S_SKILL_0	3	0	0	0		1	0.0	0.0		0	0	0	0	0	0	GO(0)	CHASE(3038)
3039	1	S_SKILL_0	3	0	0	0		1	0.0	0.0		0	0	0	0	0	0	GO(0)	CHASE(3039)
3040	1	S_SKILL_0	3	0	0	0		1	0.0	0.0		0	0	0	0	0	0	GO(0)	CHASE(3040)
3041	1	S_SKILL_0	3	0	0	0		1	0.0	0.0		0	0	0	0	0	0	GO(0)	CHASE(3041)
3042	1	S_SKILL_0	3	0	0	0		1	0.0	0.0		0	0	0	0	0	0	GO(0)	CHASE(3042)
3043	1	S_SKILL_0	3	0	0	0		1	0.0	0.0		0	0	0	0	0	0	GO(0)	CHASE(3043)
3044	1	S_SKILL_0	3	0	0	0		1	0.0	0.0		0	0	0	0	0	0	GO(0)	CHASE(3044)
3045	1	S_SKILL_0	3	0	0	0		1	0.0	0.0		0	0	0	0	0	0	GO(0)	CHASE(3045)
3046	1	S_SKILL_0	3	0	0	0		1	0.0	0.0		0	0	0	0	0	0	GO(0)	CHASE(3046)
3047	1	S_SKILL_0	3	0	0	0		1	0.0	0.0		0	0	0	0	0	0	GO(0)	CHASE(3047)
3048	1	S_SKILL_0	3	0	0	0		1	0.0	0.0		0	0	0	0	0	0	GO(0)	CHASE(3048)
3049	1	S_SKILL_0	3	0	0	0		1	0.0	0.0		0	0	0	0	0	0	GO(0)	CHASE(3049)
3050	1	S_SKILL_0	3	0	0	0		1	0.0	0.0		0	0	0	0	0	0	GO(0)	CHASE(3050)
3051	1	S_SKILL_0	3	0	0	0		1	0.0	0.0		0	0	0	0	0	0	GO(0)	CHASE(3051)
3052	1	S_SKILL_0	3	0	0	0		1	0.0	0.0		0	0	0	0	0	0	GO(0)	CHASE(3052)
3053	1	S_SKILL_0	3	0	0	0		1	0.0	0.0		0	0	0	0	0	0	GO(0)	CHASE(3053)
3054	1	S_SKILL_0	3	0	0	0		1	0.0	0.0		0	0	0	0	0	0	GO(0)	CHASE(3054)
3055	1	S_SKILL_0	3	0	0	0		1	0.0	0.0		0	0	0	0	0	0	GO(0)	CHASE(3055)
3056	1	S_SKILL_0	3	0	0	0		1	0.0	0.0		0	0	0	0	0	0	GO(0)	CHASE(3056)
3057	1	S_SKILL_0	3	0	0	0		1	0.0	0.0		0	0	0	0	0	0	GO(0)	CHASE(3057)
3058	1	S_SKILL_0	3	0	0	0		1	0.0	0.0		0	0	0	0	0	0	GO(0)	CHASE(3058)
3059	1	S_SKILL_0	3	0	0	0		1	0.0	0.0		0	0	0	0	0	0	GO(0)	CHASE(3059)
3060	1	S_SKILL_0	3	0	0	0		1	0.0	0.0		0	0	0	0	0	0	GO(0)	CHASE(3060)
3061	1	S_SKILL_0	3	0	0	0		1	0.0	0.0		0	0	0	0	0	0	GO(0)	CHASE(3061)
3062	1	S_SKILL_0	3	0	0	0		1	0.0	0.0		0	0	0	0	0	0	GO(0)	CHASE(3062)
3063	1	S_SKILL_0	3	0	0	0		1	0.0	0.0		0	0	0	0	0	0	GO(0)	CHASE(3063)
3064	1	S_SKILL_0	3	0	0	0		1	0.0	0.0		0	0	0	0	0	0	GO(0)	CHASE(3064)
3065	1	S_SKILL_0	3	0	0	0		1	0.0	0.0		0	0	0	0	0	0	GO(0)	CHASE(3065)
3066	1	S_SKILL_0	3	0	0	0		1	0.0	0.0		0	0	0	0	0	0	GO(0)	CHASE(3066)
3067	1	S_SKILL_0	3	0	0	0		1	0.0	0.0		0	0	0	0	0	0	GO(0)	CHASE(3067)
3068	1	S_SKILL_0	3	0	0	0		1	0.0	0.0		0	0	0	0	0	0	GO(0)	CHASE(3068)
3069	1	S_SKILL_0	3	0	0	0		1	0.0	0.0		0	0	0	0	0	0	GO(0)	CHASE(3069)
3070	1	S_SKILL_0	3	0	0	0		1	0.0	0.0		0	0	0	0	0	0	GO(0)	CHASE(3070)
3071	1	S_SKILL_0	3	0	0	0		1	0.0	0.0		0	0	0	0	0	0	GO(0)	CHASE(3071)
3072	1	S_SKILL_0	3	0	0	0		1	0.0	0.0		0	0	0	0	0	0	GO(0)	CHASE(3072)
3073	1	S_SKILL_0	3	0	0	0		1	0.0	0.0		0	0	0	0	0	0	GO(0)	CHASE(3073)
3074	1	S_SKILL_0	3	0	0	0		1	0.0	0.0		0	0	0	0	0	0	GO(0)	CHASE(3074)
3075	1	S_SKILL_0	3	0	0	0		1	0.0	0.0		0	0	0	0	0	0	GO(0)	CHASE(3075)
3076	1	S_SKILL_0	3	0	0	0		1	0.0	0.0		0	0	0	0	0	0	GO(0)	CHASE(3076)
3077	1	S_SKILL_0	3	0	0	0		1	0.0	0.0		0	0	0	0	0	0	GO(0)	CHASE(3077)
3078	1	S_SKILL_0	3	0	0	0		1	0.0	0.0		0	0	0	0	0	0	GO(0)	CHASE(3078)
3079	1	S_SKILL_0	3	0	0	0		1	0.0	0.0		0	0	0	0	0	0	GO(0)	CHASE(3079)
3080	1	S_SKILL_0	3	0	0	0		1	0.0	0.0		0	0	0	0	0	0	GO(0)	CHASE(3080)
3081	1	S_SKILL_0	3	0	0	0		1	0.0	0.0		0	0	0	0	0	0	GO(0)	CHASE(3081)
3082	1	S_SKILL_0	3	0	0	0		1	0.0	0.0		0	0	0	0	0	0	GO(0)	CHASE(3082)
3083	1	S_SKILL_0	3	0	0	0		1	0.0	0.0		0	0	0	0	0	0	GO(0)	CHASE(3083)
3084	1	S_SKILL_0	3	0	0	0		1	0.0	0.0		0	0	0	0	0	0	GO(0)	CHASE(3084)
3085	1	S_SKILL_0	3	0	0	0		1	0.0	0.0		0	0	0	0	0	0	GO(0)	CHASE(3085)
3086	1	S_SKILL_0	3	0	0	0		1	0.0	0.0		0	0	0	0	0	0	GO(0)	CHASE(3086)
3087	1	S_SKILL_0	3	0	0	0		1	0.0	0.0		0	0	0	0	0	0	GO(0)	CHASE(3087)
3088	1	S_SKILL_0	3	0	0	0		1	0.0	0.0		0	0	0	0	0	0	GO(0)	CHASE(3088)
3089	1	S_SKILL_0	3	0	0	0		1	0.0	0.0		0	0	0	0	0	0	GO(0)	CHASE(3089)
3090	1	S_SKILL_0	3	0	0	0		1	0.0	0.0		0	0	0	0	0	0	GO(0)	CHASE(3090)
3091	1	S_SKILL_0	3	0	0	0		1	0.0	0.0		0	0	0	0	0	0	GO(0)	CHASE(3091)
3092	1	S_SKILL_0	3	0	0	0		1	0.0	0.0		0	0	0	0	0	0	GO(0)	CHASE(3092)
3093	1	S_SKILL_0	3	0	0	0		1	0.0	0.0		0	0	0	0	0	0	GO(0)	CHASE(3093)
3094	1	S_SKILL_0	3	0	0	0		1	0.0	0.0		0	0	0	0	0	0	GO(0)	CHASE(3094)
3095	1	S_SKILL_0	3	0	0	0		1	0.0	0.0		0	0	0	0	0	0	GO(0)	CHASE(3095)
3096	1	S_SKILL_0	3	0	0	0		1	0.0	0.0		0	0	0	0	0	0	GO(0)	CHASE(3096)
3097	1	S_SKILL_0	3	0	0	0		1	0.0	0.0		0	0	0	0	0	0	GO(0)	CHASE(3097)
3098	1	S_SKILL_0	3	0	0	0		1	0.0	0.0		0	0	0	0	0	0	GO(0)	CHASE(3098)
3099	1	S_SKILL_0	3	0	0	0		1	0.0	0.0		0	0	0	0	0	0	GO(0)	CHASE(3099)
3100	1	S_SKILL_0	3	0	0	0		1	0.0	0.0		0	0	0	0	0	0	GO(0)	CHASE(3100)
3101	1	S_SKILL_0	3	0	0	0		1	0.0	0.0		0	0	0	0	0	0	GO(0)	CHASE(3101)
3102	1	S_SKILL_0	3	0	0	0		1	0.0	0.0		0	0	0	0	0	0	GO(0)	CHASE(3102)
3103	1	S_SKILL_0	3	0	0	0		1	0.0	0.0		0	0	0	0	0	0	GO(0)	CHASE(3103)
3104	1	S_SKILL_0	3	0	0	0		1	0.0	0.0		0	0	0	0	0	0	GO(0)	CHASE(3104)
3105	1	S_SKILL_0	3	0	0	0		1	0.0	0.0		0	0	0	0	0	0	GO(0)	CHASE(3105)
3106	1	S_SKILL_0	3	0	0	0		1	0.0	0.0		0	0	0	0	0	0	GO(0)	CHASE(3106)
3107	1	S_SKILL_0	3	0	0	0		1	0.0	0.0		0	0	0	0	0	0	GO(0)	CHASE(3107)
3108	1	S_SKILL_0	3	0	0	0		1	0.0	0.0		0	0	0	0	0	0	GO(0)	CHASE(3108)
3109	1	S_SKILL_0	3	0	0	0		1	0.0	0.0		0	0	0	0	0	0	GO(0)	CHASE(3109)
3110	1	S_SKILL_0	3	0	0	0		1	0.0	0.0		0	0	0	0	0	0	GO(0)	CHASE(3110)
3111	1	S_SKILL_0	3	0	0	0		1	0.0	0.0		0	0	0	0	0	0	GO(0)	CHASE(3111)
3112	1	S_SKILL_0	3	0	0	0		1	0.0	0.0		0	0	0	0	0	0	GO(0)	CHASE(3112)
3113	1	S_SKILL_0	3	0	0	0		1	0.0	0.0		0	0	0	0	0	0	GO(0)	CHASE(3113)
3114	1	S_SKILL_0	3	0	0	0		1	0.0	0.0		0	0	0	0	0	0	GO(0)	CHASE(3114)
3115	1	S_SKILL_0	3	0	0	0		1	0.0	0.0		0	0	0	0	0	0	GO(0)	CHASE(3115)
3116	1	S_SKILL_0	3	0	0	0		1	0.0	0.0		0	0	0	0	0	0	GO(0)	CHASE(3116)
3117	1	S_SKILL_0	3	0	0	0		1	0.0	0.0		0	0	0	0	0	0	GO(0)	CHASE(3117)
3118	1	S_SKILL_0	3	0	0	0		1	0.0	0.0		0	0	0	0	0	0	GO(0)	CHASE(3118)
3119	1	S_SKILL_0	3	0	0	0		1	0.0	0.0		0	0	0	0	0	0	GO(0)	CHASE(3119)
3120	1	S_SKILL_0	3	0	0	0		1	0.0	0.0		0	0	0	0	0	0	GO(0)	CHASE(3120)
3121	1	S_SKILL_0	3	0	0	0		1	0.0	0.0		0	0	0	0	0	0	GO(0)	CHASE(3121)
3122	1	S_SKILL_0	3	0	0	0		1	0.0	0.0		0	0	0	0	0	0	GO(0)	CHASE(3122)
3123	1	S_SKILL_0	3	0	0	0		1	0.0	0.0		0	0	0	0	0	0	GO(0)	CHASE(3123)
3124	1	S_SKILL_0	3	0	0	0		1	0.0	0.0		0	0	0	0	0	0	GO(0)	CHASE(3124)
3125	1	S_SKILL_0	3	0	0	0		1	0.0	0.0		0	0	0	0	0	0	GO(0)	CHASE(3125)
3126	1	S_SKILL_0	3	0	0	0		1	0.0	0.0		0	0	0	0	0	0	GO(0)	CHASE(3126)
3127	1	S_SKILL_0	3	0	0	0		1	0.0	0.0		0	0	0	0	0	0	GO(0)	CHASE(3127)
3128	1	S_SKILL_0	3	0	0	0		1	0.0	0.0		0	0	0	0	0	0	GO(0)	CHASE(3128)
3129	1	S_SKILL_0	3	0	0	0		1	0.0	0.0		0	0	0	0	0	0	GO(0)	CHASE(3129)
3130	1	S_SKILL_0	3	0	0	0		1	0.0	0.0		0	0	0	0	0	0	GO(0)	CHASE(3130)
3131	1	S_SKILL_0	3	0	0	0		1	0.0	0.0		0	0	0	0	0	0	GO(0)	CHASE(3131)
3132	1	S_SKILL_0	3	0	0	0		1	0.0	0.0		0	0	0	0	0	0	GO(0)	CHASE(3132)
3133	1	S_SKILL_0	3	0	0	0		1	0.0	0.0		0	0	0	0	0	0	GO(0)	CHASE(3133)
3134	1	S_SKILL_0	3	0	0	0		1	0.0	0.0		0	0	0	0	0	0	GO(0)	CHASE(3134)
3135	1	S_SKILL_0	3	0	0	0		1	0.0	0.0		0	0	0	0	0	0	GO(0)	CHASE(3135)
3136	1	S_SKILL_0	3	0	0	0		1	0.0	0.0		0	0	0	0	0	0	GO(0)	CHASE(3136)
3137	1	S_SKILL_0	3	0	0	0		1	0.0	0.0		0	0	0	0	0	0	GO(0)	CHASE(3137)
3138	1	S_SKILL_0	3	0	0	0		1	0.0	0.0		0	0	0	0	0	0	GO(0)	CHASE(3138)
3139	1	S_SKILL_0	3	0	0	0		1	0.0	0.0		0	0	0	0	0	0	GO(0)	CHASE(3139)
3140	1	S_SKILL_0	3	0	0	0		1	0.0	0.0		0	0	0	0	0	0	GO(0)	CHASE(3140)
3141	1	S_SKILL_0	3	0	0	0		1	0.0	0.0		0	0	0	0	0	0	GO(0)	CHASE(3141)
3142	1	S_SKILL_0	3	0	0	0		1	0.0	0.0		0	0	0	0	0	0	GO(0)	CHASE(3142)
3143	1	S_SKILL_0	3	0	0	0		1	0.0	0.0		0	0	0	0	0	0	GO(0)	CHASE(3143)
3144	1	S_SKILL_0	3	0	0	0		1	0.0	0.0		0	0	0	0	0	0	GO(0)	CHASE(3144)
3145	1	S_SKILL_0	3	0	0	0		1	0.0	0.0		0	0	0	0	0	0	GO(0)	CHASE(3145)
3146	1	S_SKILL_0	3	0	0	0		1	0.0	0.0		0	0	0	0	0	0	GO(0)	CHASE(3146)
3147	1	S_SKILL_0	3	0	0	0		1	0.0	0.0		0	0	0	0	0	0	GO(0)	CHASE(3147)
3148	1	S_SKILL_0	3	0	0	0		1	0.0	0.0		0	0	0	0	0	0	GO(0)	CHASE(3148)
3149	1	S_SKILL_0	3	0	0	0		1	0.0	0.0		0	0	0	0	0	0	GO(0)	CHASE(3149)
3150	1	S_SKILL_0	3	0	0	0		1	0.0	0.0		0	0	0	0	0	0	GO(0)	CHASE(3150)
3151	1	S_SKILL_0	3	0	0	0		1	0.0	0.0		0	0	0	0	0	0	GO(0)	CHASE(3151)
3152	1	S_SKILL_0	3	0	0	0		1	0.0	0.0		0	0	0	0	0	0	GO(0)	CHASE(3152)
3153	1	S_SKILL_0	3	0	0	0		1	0.0	0.0		0	0	0	0	0	0	GO(0)	CHASE(3153)
3154	1	S_SKILL_0	3	0	0	0		1	0.0	0.0		0	0	0	0	0	0	GO(0)	CHASE(3154)
3155	1	S_SKILL_0	3	0	0	0		1	0.0	0.0		0	0	0	0	0	0	GO(0)	CHASE(3155)
3156	1	S_SKILL_0	3	0	0	0		1	0.0	0.0		0	0	0	0	0	0	GO(0)	CHASE(3156)
3157	1	S_SKILL_0	3	0	0	0		1	0.0	0.0		0	0	0	0	0	0	GO(0)	CHASE(3157)
3158	1	S_SKILL_0	3	0	0	0		1	0.0	0.0		0	0	0	0	0	0	GO(0)	CHASE(3158)
3159	1	S_SKILL_0	3	0	0	0		1	0.0	0.0		0	0	0	0	0	0	GO(0)	CHASE(3159)
3160	1	S_SKILL_0	3	0	0	0		1	0.0	0.0		0	0	0	0	0	0	GO(0)	CHASE(3160)
3161	1	S_SKILL_0	3	0	0	0		1	0.0	0.0		0	0	0	0	0	0	GO(0)	CHASE(3161)
3162	1	S_SKILL_0	3	0	0	0		1	0.0	0.0		0	0	0	0	0	0	GO(0)	CHASE(3162)
3163	1	S_SKILL_0	3	0	0	0		1	0.0	0.0		0	0	0	0	0	0	GO(0)	CHASE(3163)
3164	1	S_SKILL_0	3	0	0	0		1	0.0	0.0		0	0	0	0	0	0	GO(0)	CHASE(3164)
3165	1	S_SKILL_0	3	0	0	0		1	0.0	0.0		0	0	0	0	0	0	GO(0)	CHASE(3165)
3166	1	S_SKILL_0	3	0	0	0		1	0.0	0.0		0	0	0	0	0	0	GO(0)	CHASE(3166)
3167	1	S_SKILL_0	3	0	0	0		1	0.0	0.0		0	0	0	0	0	0	GO(0)	CHASE(3167)
3168	1	S_SKILL_0	3	0	0	0		1	0.0	0.0		0	0	0	0	0	0	GO(0)	CHASE(3168)
3169	1	S_SKILL_0	3	0	0	0		1	0.0	0.0		0	0	0	0	0	0	GO(0)	CHASE(3169)
3170	1	S_SKILL_0	3	0	0	0		1	0.0	0.0		0	0	0	0	0	0	GO(0)	CHASE(3170)
3171	1	S_SKILL_0	3	0	0	0		1	0.0	0.0		0	0	0	0	0	0	GO(0)	CHASE(3171)
3172	1	S_SKILL_0	3	0	0	0		1	0.0	0.0		0	0	0	0	0	0	GO(0)	CHASE(3172)
3173	1	S_SKILL_0	3	0	0	0		1	0.0	0.0		0	0	0	0	0	0	GO(0)	CHASE(3173)
3174	1	S_SKILL_0	3	0	0	0		1	0.0	0.0		0	0	0	0	0	0	GO(0)	CHASE(3174)
3175	1	S_SKILL_0	3	0	0	0		1	0.0	0.0		0	0	0	0	0	0	GO(0)	CHASE(3175)
3176	1	S_SKILL_0	3	0	0	0		1	0.0	0.0		0	0	0	0	0	0	GO(0)	CHASE(3176)
3177	1	S_SKILL_0	3	0	0	0		1	0.0	0.0		0	0	0	0	0	0	GO(0)	CHASE(3177)
3178	1	S_SKILL_0	3	0	0	0		1	0.0	0.0		0	0	0	0	0	0	GO(0)	CHASE(3178)
3179	1	S_SKILL_0	3	0	0	0		1	0.0	0.0		0	0	0	0	0	0	GO(0)	CHASE(3179)
3180	1	S_SKILL_0	3	0	0	0		1	0.0	0.0		0	0	0	0	0	0	GO(0)	CHASE(3180)
3181	1	S_SKILL_0	3	0	0	0		1	0.0	0.0		0	0	0	0	0	0	GO(0)	CHASE(3181)
3182	1	S_SKILL_0	3	0	0	0		1	0.0	0.0		0	0	0	0	0	0	GO(0)	CHASE(3182)
3183	1	S_SKILL_0	3	0	0	0		1	0.0	0.0		0	0	0	0	0	0	GO(0)	CHASE(3183)
3184	1	S_SKILL_0	3	0	0	0		1	0.0	0.0		0	0	0	0	0	0	GO(0)	CHASE(3184)
3185	1	S_SKILL_0	3	0	0	0		1	0.0	0.0		0	0	0	0	0	0	GO(0)	CHASE(3185)
3186	1	S_SKILL_0	3	0	0	0		1	0.0	0.0		0	0	0	0	0	0	GO(0)	CHASE(3186)
3187	1	S_SKILL_0	3	0	0	0		1	0.0	0.0		0	0	0	0	0	0	GO(0)	CHASE(3187)
3188	1	S_SKILL_0	3	0	0	0		1	0.0	0.0		0	0	0	0	0	0	GO(0)	CHASE(3188)
3189	1	S_SKILL_0	3	0	0	0		1	0.0	0.0		0	0	0	0	0	0	GO(0)	CHASE(3189)
3190	1	S_SKILL_0	3	0	0	0		1	0.0	0.0		0	0	0	0	0	0	GO(0)	CHASE(3190)
3191	1	S_SKILL_0	3	0	0	0		1	0.0	0.0		0	0	0	0	0	0	GO(0)	CHASE(3191)
3192	1	S_SKILL_0	3	0	0	0		1	0.0	0.0		0	0	0	0	0	0	GO(0)	CHASE(3192)
3193	1	S_SKILL_0	3	0	0	0		1	0.0	0.0		0	0	0	0	0	0	GO(0)	CHASE(3193)
3194	1	S_SKILL_0	3	0	0	0		1	0.0	0.0		0	0	0	0	0	0	GO(0)	CHASE(3194)
3195	1	S_SKILL_0	3	0	0	0		1	0.0	0.0		0	0	0	0	0	0	GO(0)	CHASE(3195)
3196	1	S_SKILL_0	3	0	0	0		1	0.0	0.0		0	0	0	0	0	0	GO(0)	CHASE(3196)
3197	1	S_SKILL_0	3	0	0	0		1	0.0	0.0		0	0	0	0	0	0	GO(0)	CHASE(3197)
3198	1	S_SKILL_0	3	0	0	0		1	0.0	0.0		0	0	0	0	0	0	GO(0)	CHASE(3198)
3199	1	S_SKILL_0	3	0	0	0		1	0.0	0.0		0	0	0	0	0	0	GO(0)	CHASE(3199)
3200	1	S_SKILL_0	3	0	0	0		1	0.0	0.0		0	0	0	0	0	0	GO(0)	CHASE(3200)
3201	1	S_SKILL_0	3	0	0	0		1	0.0	0.0		0	0	0	0	0	0	GO(0)	CHASE(3201)
3202	1	S_SKILL_0	3	0	0	0		1	0.0	0.0		0	0	0	0	0	0	GO(0)	CHASE(3202)
3203	1	S_SKILL_0	3	0	0	0		1	0.0	0.0		0	0	0	0	0	0	GO(0)	CHASE(3203)
3204	1	S_SKILL_0	3	0	0	0		1	0.0	0.0		0	0	0	0	0	0	GO(0)	CHASE(3204)
3205	1	S_SKILL_0	3	0	0	0		1	0.0	0.0		0	0	0	0	0	0	GO(0)	CHASE(3205)
3206	1	S_SKILL_0	3	0	0	0		1	0.0	0.0		0	0	0	0	0	0	GO(0)	CHASE(3206)
3207	1	S_SKILL_0	3	0	0	0		1	0.0	0.0		0	0	0	0	0	0	GO(0)	CHASE(3207)
3208	1	S_SKILL_0	3	0	0	0		1	0.0	0.0		0	0	0	0	0	0	GO(0)	CHASE(3208)
3209	1	S_SKILL_0	3	0	0	0		1	0.0	0.0		0	0	0	0	0	0	GO(0)	CHASE(3209)
3210	1	S_SKILL_0	3	0	0	0		1	0.0	0.0		0	0	0	0	0	0	GO(0)	CHASE(3210)
3211	1	S_SKILL_0	3	0	0	0		1	0.0	0.0		0	0	0	0	0	0	GO(0)	CHASE(3211)
3212	1	S_SKILL_0	3	0	0	0		1	0.0	0.0		0	0	0	0	0	0	GO(0)	CHASE(3212)
3213	1	S_SKILL_0	3	0	0	0		1	0.0	0.0		0	0	0	0	0	0	GO(0)	CHASE(3213)
3214	1	S_SKILL_0	3	0	0	0		1	0.0	0.0		0	0	0	0	0	0	GO(0)	CHASE(3214)
3215	1	S_SKILL_0	3	0	0	0		1	0.0	0.0		0	0	0	0	0	0	GO(0)	CHASE(3215)
3216	1	S_SKILL_0	3	0	0	0		1	0.0	0.0		0	0	0	0	0	0	GO(0)	CHASE(3216)
3217	1	S_SKILL_0	3	0	0	0		1	0.0	0.0		0	0	0	0	0	0	GO(0)	CHASE(3217)
3218	1	S_SKILL_0	3	0	0	0		1	0.0	0.0		0	0	0	0	0	0	GO(0)	CHASE(3218)
3219	1	S_SKILL_0	3	0	0	0		1	0.0	0.0		0	0	0	0	0	0	GO(0)	CHASE(3219)
3220	1	S_SKILL_0	3	0	0	0		1	0.0	0.0		0	0	0	0	0	0	GO(0)	CHASE(3220)
3221	1	S_SKILL_0	3	0	0	0		1	0.0	0.0		0	0	0	0	0	0	GO(0)	CHASE(3221)
3222	1	S_SKILL_0	3	0	0	0		1	0.0	0.0		0	0	0	0	0	0	GO(0)	CHASE(3222)
3223	1	S_SKILL_0	3	0	0	0		1	0.0	0.0		0	0	0	0	0	0	GO(0)	CHASE(3223)
3224	1	S_SKILL_0	3	0	0	0		1	0.0	0.0		0	0	0	0	0	0	GO(0)	CHASE(3224)
3225	1	S_SKILL_0	3	0	0	0		1	0.0	0.0		0	0	0	0	0	0	GO(0)	CHASE(3225)
3226	1	S_SKILL_0	3	0	0	0		1	0.0	0.0		0	0	0	0	0	0	GO(0)	CHASE(3226)
3227	1	S_SKILL_0	3	0	0	0		1	0.0	0.0		0	0	0	0	0	0	GO(0)	CHASE(3227)
3228	1	S_SKILL_0	3	0	0	0		1	0.0	0.0		0	0	0	0	0	0	GO(0)	CHASE(3228)
3229	1	S_SKILL_0	3	0	0	0		1	0.0	0.0		0	0	0	0	0	0	GO(0)	CHASE(3229)
3230	1	S_SKILL_0	3	0	0	0		1	0.0	0.0		0	0	0	0	0	0	GO(0)	CHASE(3230)
3231	1	S_SKILL_0	3	0	0	0		1	0.0	0.0		0	0	0	0	0	0	GO(0)	CHASE(3231)
3232	1	S_SKILL_0	3	0	0	0		1	0.0	0.0		0	0	0	0	0	0	GO(0)	CHASE(3232)
3233	1	S_SKILL_0	3	0	0	0		1	0.0	0.0		0	0	0	0	0	0	GO(0)	CHASE(3233)
3234	1	S_SKILL_0	3	0	0	0		1	0.0	0.0		0	0	0	0	0	0	GO(0)	CHASE(3234)
3235	1	S_SKILL_0	3	0	0	0		1	0.0	0.0		0	0	0	0	0	0	GO(0)	CHASE(3235)
3236	1	S_SKILL_0	3	0	0	0		1	0.0	0.0		0	0	0	0	0	0	GO(0)	CHASE(3236)
3237	1	S_SKILL_0	3	0	0	0		1	0.0	0.0		0	0	0	0	0	0	GO(0)	CHASE(3237)
3238	1	S_SKILL_0	3	0	0	0		1	0.0	0.0		0	0	0	0	0	0	GO(0)	CHASE(3238)
3239	1	S_SKILL_0	3	0	0	0		1	0.0	0.0		0	0	0	0	0	0	GO(0)	CHASE(3239)
3240	1	S_SKILL_0	3	0	0	0		1	0.0	0.0		0	0	0	0	0	0	GO(0)	CHASE(3240)
3241	1	S_SKILL_0	3	0	0	0		1	0.0	0.0		0	0	0	0	0	0	GO(0)	CHASE(3241)
3242	1	S_SKILL_0	3	0	0	0		1	0.0	0.0		0	0	0	0	0	0	GO(0)	CHASE(3242)
3243	1	S_SKILL_0	3	0	0	0		1	0.0	0.0		0	0	0	0	0	0	GO(0)	CHASE(3243)
3244	1	S_SKILL_0	3	0	0	0		1	0.0	0.0		0	0	0	0	0	0	GO(0)	CHASE(3244)
3245	1	S_SKILL_0	3	0	0	0		1	0.0	0.0		0	0	0	0	0	0	GO(0)	CHASE(3245)
3246	1	S_SKILL_0	3	0	0	0		1	0.0	0.0		0	0	0	0	0	0	GO(0)	CHASE(3246)
3247	1	S_SKILL_0	3	0	0	0		1	0.0	0.0		0	0	0	0	0	0	GO(0)	CHASE(3247)
3248	1	S_SKILL_0	3	0	0	0		1	0.0	0.0		0	0	0	0	0	0	GO(0)	CHASE(3248)
3249	1	S_SKILL_0	3	0	0	0		1	0.0	0.0		0	0	0	0	0	0	GO(0)	CHASE(3249)
3250	1	S_SKILL_0	3	0	0	0		1	0.0	0.0		0	0	0	0	0	0	GO(0)	CHASE(3250)
3251	1	S_SKILL_0	3	0	0	0		1	0.0	0.0		0	0	0	0	0	0	GO(0)	CHASE(3251)
3252	1	S_SKILL_0	3	0	0	0		1	0.0	0.0		0	0	0	0	0	0	GO(0)	CHASE(3252)
3253	1	S_SKILL_0	3	0	0	0		1	0.0	0.0		0	0	0	0	0	0	GO(0)	CHASE(3253)
3254	1	S_SKILL_0	3	0	0	0		1	0.0	0.0		0	0	0	0	0	0	GO(0)	CHASE(3254)
3255	1	S_SKILL_0	3	0	0	0		1	0.0	0.0		0	0	0	0	0	0	GO(0)	CHASE(3255)
3256	1	S_SKILL_0	3	0	0	0		1	0.0	0.0		0	0	0	0	0	0	GO(0)	CHASE(3256)
3257	1	S_SKILL_0	3	0	0	0		1	0.0	0.0		0	0	0	0	0	0	GO(0)	CHASE(3257)
3258	1	S_SKILL_0	3	0	0	0		1	0.0	0.0		0	0	0	0	0	0	GO(0)	CHASE(3258)
3259	1	S_SKILL_0	3	0	0	0		1	0.0	0.0		0	0	0	0	0	0	GO(0)	CHASE(3259)
3260	1	S_SKILL_0	3	0	0	0		1	0.0	0.0		0	0	0	0	0	0	GO(0)	CHASE(3260)
3261	1	S_SKILL_0	3	0	0	0		1	0.0	0.0		0	0	0	0	0	0	GO(0)	CHASE(3261)
3262	1	S_SKILL_0	3	0	0	0		1	0.0	0.0		0	0	0	0	0	0	GO(0)	CHASE(3262)
3263	1	S_SKILL_0	3	0	0	0		1	0.0	0.0		0	0	0	0	0	0	GO(0)	CHASE(3263)
3264	1	S_SKILL_0	3	0	0	0		1	0.0	0.0		0	0	0	0	0	0	GO(0)	CHASE(3264)
3265	1	S_SKILL_0	3	0	0	0		1	0.0	0.0		0	0	0	0	0	0	GO(0)	CHASE(3265)
3266	1	S_SKILL_0	3	0	0	0		1	0.0	0.0		0	0	0	0	0	0	GO(0)	CHASE(3266)
3267	1	S_SKILL_0	3	0	0	0		1	0.0	0.0		0	0	0	0	0	0	GO(0)	CHASE(3267)
3268	1	S_SKILL_0	3	0	0	0		1	0.0	0.0		0	0	0	0	0	0	GO(0)	CHASE(3268)
3269	1	S_SKILL_0	3	0	0	0		1	0.0	0.0		0	0	0	0	0	0	GO(0)	CHASE(3269)
3270	1	S_SKILL_0	3	0	0	0		1	0.0	0.0		0	0	0	0	0	0	GO(0)	CHASE(3270)
3271	1	S_SKILL_0	3	0	0	0		1	0.0	0.0		0	0	0	0	0	0	GO(0)	CHASE(3271)
3272	1	S_SKILL_0	3	0	0	0		1	0.0	0.0		0	0	0	0	0	0	GO(0)	CHASE(3272)
3273	1	S_SKILL_0	3	0	0	0		1	0.0	0.0		0	0	0	0	0	0	GO(0)	CHASE(3273)
3274	1	S_SKILL_0	3	0	0	0		1	0.0	0.0		0	0	0	0	0	0	GO(0)	CHASE(3274)
3275	1	S_SKILL_0	3	0	0	0		1	0.0	0.0		0	0	0	0	0	0	GO(0)	CHASE(3275)
3276	1	S_SKILL_0	3	0	0	0		1	0.0	0.0		0	0	0	0	0	0	GO(0)	CHASE(3276)
3277	1	S_SKILL_0	3	0	0	0		1	0.0	0.0		0	0	0	0	0	0	GO(0)	CHASE(3277)
3278	1	S_SKILL_0	3	0	0	0		1	0.0	0.0		0	0	0	0	0	0	GO(0)	CHASE(3278)
3279	1	S_SKILL_0	3	0	0	0		1	0.0	0.0		0	0	0	0	0	0	GO(0)	CHASE(3279)
3280	1	S_SKILL_0	3	0	0	0		1	0.0	0.0		0	0	0	0	0	0	GO(0)	CHASE(3280)
3281	1	S_SKILL_0	3	0	0	0		1	0.0	0.0		0	0	0	0	0	0	GO(0)	CHASE(3281)
3282	1	S_SKILL_0	3	0	0	0		1	0.0	0.0		0	0	0	0	0	0	GO(0)	CHASE(3282)
3283	1	S_SKILL_0	3	0	0	0		1	0.0	0.0		0	0	0	0	0	0	GO(0)	CHASE(3283)
3284	1	S_SKILL_0	3	0	0	0		1	0.0	0.0		0	0	0	0	0	0	GO(0)	CHASE(3284)
3285	1	S_SKILL_0	3	0	0	0		1	0.0	0.0		0	0	0	0	0	0	GO(0)	CHASE(3285)
3286	1	S_SKILL_0	3	0	0	0		1	0.0	0.0		0	0	0	0	0	0	GO(0)	CHASE(3286)
3287	1	S_SKILL_0	3	0	0	0		1	0.0	0.0		0	0	0	0	0	0	GO(0)	CHASE(3287)
3288	1	S_SKILL_0	3	0	0	0		1	0.0	0.0		0	0	0	0	0	0	GO(0)	CHASE(3288)
3289	1	S_SKILL_0	3	0	0	0		1	0.0	0.0		0	0	0	0	0	0	GO(0)	CHASE(3289)
3290	1	S_SKILL_0	3	0	0	0		1	0.0	0.0		0	0	0	0	0	0	GO(0)	CHASE(3290)
3291	1	S_SKILL_0	3	0	0	0		1	0.0	0.0		0	0	0	0	0	0	GO(0)	CHASE(3291)
3292	1	S_SKILL_0	3	0	0	0		1	0.0	0.0		0	0	0	0	0	0	GO(0)	CHASE(3292)
3293	1	S_SKILL_0	3	0	0	0		1	0.0	0.0		0	0	0	0	0	0	GO(0)	CHASE(3293)
3294	1	S_SKILL_0	3	0	0	0		1	0.0	0.0		0	0	0	0	0	0	GO(0)	CHASE(3294)
3295	1	S_SKILL_0	3	0	0	0		1	0.0	0.0		0	0	0	0	0	0	GO(0)	CHASE(3295)
3296	1	S_SKILL_0	3	0	0	0		1	0.0	0.0		0	0	0	0	0	0	GO(0)	CHASE(3296)
3297	1	S_SKILL_0	3	0	0	0		1	0.0	0.0		0	0	0	0	0	0	GO(0)	CHASE(3297)
3298	1	S_SKILL_0	3	0	0	0		1	0.0	0.0		0	0	0	0	0	0	GO(0)	CHASE(3298)
3299	1	S_SKILL_0	3	0	0	0		1	0.0	0.0		0	0	0	0	0	0	GO(0)	CHASE(3299)
3300	1	S_SKILL_0	3	0	0	0		1	0.0	0.0		0	0	0	0	0	0	GO(0)	CHASE(3300)
3301	1	S_SKILL_0	3	0	0	0		1	0.0	0.0		0	0	0	0	0	0	GO(0)	CHASE(3301)
3302	1	S_SKILL_0	3	0	0	0		1	0.0	0.0		0	0	0	0	0	0	GO(0)	CHASE(3302)
3303	1	S_SKILL_0	3	0	0	0		1	0.0	0.0		0	0	0	0	0	0	GO(0)	CHASE(3303)
3304	1	S_SKILL_0	3	0	0	0		1	0.0	0.0		0	0	0	0	0	0	GO(0)	CHASE(3304)
3305	1	S_SKILL_0	3	0	0	0		1	0.0	0.0		0	0	0	0	0	0	GO(0)	CHASE(3305)
3306	1	S_SKILL_0	3	0	0	0		1	0.0	0.0		0	0	0	0	0	0	GO(0)	CHASE(3306)
3307	1	S_SKILL_0	3	0	0	0		1	0.0	0.0		0	0	0	0	0	0	GO(0)	CHASE(3307)
3308	1	S_SKILL_0	3	0	0	0		1	0.0	0.0		0	0	0	0	0	0	GO(0)	CHASE(3308)
3309	1	S_SKILL_0	3	0	0	0		1	0.0	0.0		0	0	0	0	0	0	GO(0)	CHASE(3309)
3310	1	S_SKILL_0	3	0	0	0		1	0.0	0.0		0	0	0	0	0	0	GO(0)	CHASE(3310)
3311	1	S_SKILL_0	3	0	0	0		1	0.0	0.0		0	0	0	0	0	0	GO(0)	CHASE(3311)
3312	1	S_SKILL_0	3	0	0	0		1	0.0	0.0		0	0	0	0	0	0	GO(0)	CHASE(3312)
3313	1	S_SKILL_0	3	0	0	0		1	0.0	0.0		0	0	0	0	0	0	GO(0)	CHASE(3313)
3314	1	S_SKILL_0	3	0	0	0		1	0.0	0.0		0	0	0	0	0	0	GO(0)	CHASE(3314)
3315	1	S_SKILL_0	3	0	0	0		1	0.0	0.0		0	0	0	0	0	0	GO(0)	CHASE(3315)
3316	1	S_SKILL_0	3	0	0	0		1	0.0	0.0		0	0	0	0	0	0	GO(0)	CHASE(3316)
3317	1	S_SKILL_0	3	0	0	0		1	0.0	0.0		0	0	0	0	0	0	GO(0)	CHASE(3317)
3318	1	S_SKILL_0	3	0	0	0		1	0.0	0.0		0	0	0	0	0	0	GO(0)	CHASE(3318)
3319	1	S_SKILL_0	3	0	0	0		1	0.0	0.0		0	0	0	0	0	0	GO(0)	CHASE(3319)
3320	1	S_SKILL_0	3	0	0	0		1	0.0	0.0		0	0	0	0	0	0	GO(0)	CHASE(3320)
3321	1	S_SKILL_0	3	0	0	0		1	0.0	0.0		0	0	0	0	0	0	GO(0)	CHASE(3321)
3322	1	S_SKILL_0	3	0	0	0		1	0.0	0.0		0	0	0	0	0	0	GO(0)	CHASE(3322)
3323	1	S_SKILL_0	3	0	0	0		1	0.0	0.0		0	0	0	0	0	0	GO(0)	CHASE(3323)
3324	1	S_SKILL_0	3	0	0	0		1	0.0	0.0		0	0	0	0	0	0	GO(0)	CHASE(3324)
3325	1	S_SKILL_0	3	0	0	0		1	0.0	0.0		0	0	0	0	0	0	GO(0)	CHASE(3325)
3326	1	S_SKILL_0	3	0	0	0		1	0.0	0.0		0	0	0	0	0	0	GO(0)	CHASE(3326)
3327	1	S_SKILL_0	3	0	0	0		1	0.0	0.0		0	0	0	0	0	0	GO(0)	CHASE(3327)
3328	1	S_SKILL_0	3	0	0	0		1	0.0	0.0		0	0	0	0	0	0	GO(0)	CHASE(3328)
3329	1	S_SKILL_0	3	0	0	0		1	0.0	0.0		0	0	0	0	0	0	GO(0)	CHASE(3329)
3330	1	S_SKILL_0	3	0	0	0		1	0.0	0.0		0	0	0	0	0	0	GO(0)	CHASE(3330)
3331	1	S_SKILL_0	3	0	0	0		1	0.0	0.0		0	0	0	0	0	0	GO(0)	CHASE(3331)
3332	1	S_SKILL_0	3	0	0	0		1	0.0	0.0		0	0	0	0	0	0	GO(0)	CHASE(3332)
3333	1	S_SKILL_0	3	0	0	0		1	0.0	0.0		0	0	0	0	0	0	GO(0)	CHASE(3333)
3334	1	S_SKILL_0	3	0	0	0		1	0.0	0.0		0	0	0	0	0	0	GO(0)	CHASE(3334)
3335	1	S_SKILL_0	3	0	0	0		1	0.0	0.0		0	0	0	0	0	0	GO(0)	CHASE(3335)
3336	1	S_SKILL_0	3	0	0	0		1	0.0	0.0		0	0	0	0	0	0	GO(0)	CHASE(3336)
3337	1	S_SKILL_0	3	0	0	0		1	0.0	0.0		0	0	0	0	0	0	GO(0)	CHASE(3337)
3338	1	S_SKILL_0	3	0	0	0		1	0.0	0.0		0	0	0	0	0	0	GO(0)	CHASE(3338)
3339	1	S_SKILL_0	3	0	0	0		1	0.0	0.0		0	0	0	0	0	0	GO(0)	CHASE(3339)
3340	1	S_SKILL_0	3	0	0	0		1	0.0	0.0		0	0	0	0	0	0	GO(0)	CHASE(3340)
3341	1	S_SKILL_0	3	0	0	0		1	0.0	0.0		0	0	0	0	0	0	GO(0)	CHASE(3341)
3342	1	S_SKILL_0	3	0	0	0		1	0.0	0.0		0	0	0	0	0	0	GO(0)	CHASE(3342)
3343	1	S_SKILL_0	3	0	0	0		1	0.0	0.0		0	0	0	0	0	0	GO(0)	CHASE(3343)
3344	1	S_SKILL_0	3	0	0	0		1	0.0	0.0		0	0	0	0	0	0	GO(0)	CHASE(3344)
3345	1	S_SKILL_0	3	0	0	0		1	0.0	0.0		0	0	0	0	0	0	GO(0)	CHASE(3345)
3346	1	S_SKILL_0	3	0	0	0		1	0.0	0.0		0	0	0	0	0	0	GO(0)	CHASE(3346)
3347	1	S_SKILL_0	3	0	0	0		1	0.0	0.0		0	0	0	0	0	0	GO(0)	CHASE(3347)
3348	1	S_SKILL_0	3	0	0	0		1	0.0	0.0		0	0	0	0	0	0	GO(0)	CHASE(3348)
3349	1	S_SKILL_0	3	0	0	0		1	0.0	0.0		0	0	0	0	0	0	GO(0)	CHASE(3349)
3350	1	S_SKILL_0	3	0	0	0		1	0.0	0.0		0	0	0	0	0	0	GO(0)	CHASE(3350)
3351	1	S_SKILL_0	3	0	0	0		1	0.0	0.0		0	0	0	0	0	0	GO(0)	CHASE(3351)
3352	1	S_SKILL_0	3	0	0	0		1	0.0	0.0		0	0	0	0	0	0	GO(0)	CHASE(3352)
3353	1	S_SKILL_0	3	0	0	0		1	0.0	0.0		0	0	0	0	0	0	GO(0)	CHASE(3353)
3354	1	S_SKILL_0	3	0	0	0		1	0.0	0.0		0	0	0	0	0	0	GO(0)	CHASE(3354)
3355	1	S_SKILL_0	3	0	0	0		1	0.0	0.0		0	0	0	0	0	0	GO(0)	CHASE(3355)
3356	1	S_SKILL_0	3	0	0	0		1	0.0	0.0		0	0	0	0	0	0	GO(0)	CHASE(3356)
3357	1	S_SKILL_0	3	0	0	0		1	0.0	0.0		0	0	0	0	0	0	GO(0)	CHASE(3357)
3358	1	S_SKILL_0	3	0	0	0		1	0.0	0.0		0	0	0	0	0	0	GO(0)	CHASE(3358)
3359	1	S_SKILL_0	3	0	0	0		1	0.0	0.0		0	0	0	0	0	0	GO(0)	CHASE(3359)
3360	1	S_SKILL_0	3	0	0	0		1	0.0	0.0		0	0	0	0	0	0	GO(0)	CHASE(3360)
3361	1	S_SKILL_0	3	0	0	0		1	0.0	0.0		0	0	0	0	0	0	GO(0)	CHASE(3361)
3362	1	S_SKILL_0	3	0	0	0		1	0.0	0.0		0	0	0	0	0	0	GO(0)	CHASE(3362)
3363	1	S_SKILL_0	3	0	0	0		1	0.0	0.0		0	0	0	0	0	0	GO(0)	CHASE(3363)
3364	1	S_SKILL_0	3	0	0	0		1	0.0	0.0		0	0	0	0	0	0	GO(0)	CHASE(3364)
3365	1	S_SKILL_0	3	0	0	0		1	0.0	0.0		0	0	0	0	0	0	GO(0)	CHASE(3365)
3366	1	S_SKILL_0	3	0	0	0		1	0.0	0.0		0	0	0	0	0	0	GO(0)	CHASE(3366)
3367	1	S_SKILL_0	3	0	0	0		1	0.0	0.0		0	0	0	0	0	0	GO(0)	CHASE(3367)
3368	1	S_SKILL_0	3	0	0	0		1	0.0	0.0		0	0	0	0	0	0	GO(0)	CHASE(3368)
3369	1	S_SKILL_0	3	0	0	0		1	0.0	0.0		0	0	0	0	0	0	GO(0)	CHASE(3369)
3370	1	S_SKILL_0	3	0	0	0		1	0.0	0.0		0	0	0	0	0	0	GO(0)	CHASE(3370)
3371	1	S_SKILL_0	3	0	0	0		1	0.0	0.0		0	0	0	0	0	0	GO(0)	CHASE(3371)
3372	1	S_SKILL_0	3	0	0	0		1	0.0	0.0		0	0	0	0	0	0	GO(0)	CHASE(3372)
3373	1	S_SKILL_0	3	0	0	0		1	0.0	0.0		0	0	0	0	0	0	GO(0)	CHASE(3373)
3374	1	S_SKILL_0	3	0	0	0		1	0.0	0.0		0	0	0	0	0	0	GO(0)	CHASE(3374)
3375	1	S_SKILL_0	3	0	0	0		1	0.0	0.0		0	0	0	0	0	0	GO(0)	CHASE(3375)
3376	1	S_SKILL_0	3	0	0	0		1	0.0	0.0		0	0	0	0	0	0	GO(0)	CHASE(3376)
3377	1	S_SKILL_0	3	0	0	0		1	0.0	0.0		0	0	0	0	0	0	GO(0)	CHASE(3377)
3378	1	S_SKILL_0	3	0	0	0		1	0.0	0.0		0	0	0	0	0	0	GO(0)	CHASE(3378)
3379	1	S_SKILL_0	3	0	0	0		1	0.0	0.0		0	0	0	0	0	0	GO(0)	CHASE(3379)
3380	1	S_SKILL_0	3	0	0	0		1	0.0	0.0		0	0	0	0	0	0	GO(0)	CHASE(3380)
3381	1	S_SKILL_0	3	0	0	0		1	0.0	0.0		0	0	0	0	0	0	GO(0)	CHASE(3381)
3382	1	S_SKILL_0	3	0	0	0		1	0.0	0.0		0	0	0	0	0	0	GO(0)	CHASE(3382)
3383	1	S_SKILL_0	3	0	0	0		1	0.0	0.0		0	0	0	0	0	0	GO(0)	CHASE(3383)
3384	1	S_SKILL_0	3	0	0	0		1	0.0	0.0		0	0	0	0	0	0	GO(0)	CHASE(3384)
3385	1	S_SKILL_0	3	0	0	0		1	0.0	0.0		0	0	0	0	0	0	GO(0)	CHASE(3385)
3386	1	S_SKILL_0	3	0	0	0		1	0.0	0.0		0	0	0	0	0	0	GO(0)	CHASE(3386)
3387	1	S_SKILL_0	3	0	0	0		1	0.0	0.0		0	0	0	0	0	0	GO(0)	CHASE(3387)
3388	1	S_SKILL_0	3	0	0	0		1	0.0	0.0		0	0	0	0	0	0	GO(0)	CHASE(3388)
3389	1	S_SKILL_0	3	0	0	0		1	0.0	0.0		0	0	0	0	0	0	GO(0)	CHASE(3389)
3390	1	S_SKILL_0	3	0	0	0		1	0.0	0.0		0	0	0	0	0	0	GO(0)	CHASE(3390)
3391	1	S_SKILL_0	3	0	0	0		1	0.0	0.0		0	0	0	0	0	0	GO(0)	CHASE(3391)
3392	1	S_SKILL_0	3	0	0	0		1	0.0	0.0		0	0	0	0	0	0	GO(0)	CHASE(3392)
3393	1	S_SKILL_0	3	0	0	0		1	0.0	0.0		0	0	0	0	0	0	GO(0)	CHASE(3393)
3394	1	S_SKILL_0	3	0	0	0		1	0.0	0.0		0	0	0	0	0	0	GO(0)	CHASE(3394)
3395	1	S_SKILL_0	3	0	0	0		1	0.0	0.0		0	0	0	0	0	0	GO(0)	CHASE(3395)
3396	1	S_SKILL_0	3	0	0	0		1	0.0	0.0		0	0	0	0	0	0	GO(0)	CHASE(3396)
3397	1	S_SKILL_0	3	0	0	0		1	0.0	0.0		0	0	0	0	0	0	GO(0)	CHASE(3397)
3398	1	S_SKILL_0	3	0	0	0		1	0.0	0.0		0	0	0	0	0	0	GO(0)	CHASE(3398)
3399	1	S_SKILL_0	3	0	0	0		1	0.0	0.0		0	0	0	0	0	0	GO(0)	CHASE(3399)
3400	1	S_SKILL_0	3	0	0	0		1	0.0	0.0		0	0	0	0	0	0	GO(0)	CHASE(3400)
3401	1	S_SKILL_0	3	0	0	0		1	0.0	0.0		0	0	0	0	0	0	GO(0)	CHASE(3401)
3402	1	S_SKILL_0	3	0	0	0		1	0.0	0.0		0	0	0	0	0	0	GO(0)	CHASE(3402)
3403	1	S_SKILL_0	3	0	0	0		1	0.0	0.0		0	0	0	0	0	0	GO(0)	CHASE(3403)
3404	1	S_SKILL_0	3	0	0	0		1	0.0	0.0		0	0	0	0	0	0	GO(0)	CHASE(3404)
3405	1	S_SKILL_0	3	0	0	0		1	0.0	0.0		0	0	0	0	0	0	GO(0)	CHASE(3405)
3406	1	S_SKILL_0	3	0	0	0		1	0.0	0.0		0	0	0	0	0	0	GO(0)	CHASE(3406)
3407	1	S_SKILL_0	3	0	0	0		1	0.0	0.0		0	0	0	0	0	0	GO(0)	CHASE(3407)
3408	1	S_SKILL_0	3	0	0	0		1	0.0	0.0		0	0	0	0	0	0	GO(0)	CHASE(3408)
3409	1	S_SKILL_0	3	0	0	0		1	0.0	0.0		0	0	0	0	0	0	GO(0)	CHASE(3409)
3410	1	S_SKILL_0	3	0	0	0		1	0.0	0.0		0	0	0	0	0	0	GO(0)	CHASE(3410)
3411	1	S_SKILL_0	3	0	0	0		1	0.0	0.0		0	0	0	0	0	0	GO(0)	CHASE(3411)
3412	1	S_SKILL_0	3	0	0	0		1	0.0	0.0		0	0	0	0	0	0	GO(0)	CHASE(3412)
3413	1	S_SKILL_0	3	0	0	0		1	0.0	0.0		0	0	0	0	0	0	GO(0)	CHASE(3413)
3414	1	S_SKILL_0	3	0	0	0		1	0.0	0.0		0	0	0	0	0	0	GO(0)	CHASE(3414)
3415	1	S_SKILL_0	3	0	0	0		1	0.0	0.0		0	0	0	0	0	0	GO(0)	CHASE(3415)
3416	1	S_SKILL_0	3	0	0	0		1	0.0	0.0		0	0	0	0	0	0	GO(0)	CHASE(3416)
3417	1	S_SKILL_0	3	0	0	0		1	0.0	0.0		0	0	0	0	0	0	GO(0)	CHASE(3417)
3418	1	S_SKILL_0	3	0	0	0		1	0.0	0.0		0	0	0	0	0	0	GO(0)	CHASE(3418)
3419	1	S_SKILL_0	3	0	0	0		1	0.0	0.0		0	0	0	0	0	0	GO(0)	CHASE(3419)
3420	1	S_SKILL_0	3	0	0	0		1	0.0	0.0		0	0	0	0	0	0	GO(0)	CHASE(3420)
3421	1	S_SKILL_0	3	0	0	0		1	0.0	0.0		0	0	0	0	0	0	GO(0)	CHASE(3421)
3422	1	S_SKILL_0	3	0	0	0		1	0.0	0.0		0	0	0	0	0	0	GO(0)	CHASE(3422)
3423	1	S_SKILL_0	3	0	0	0		1	0.0	0.0		0	0	0	0	0	0	GO(0)	CHASE(3423)
3424	1	S_SKILL_0	3	0	0	0		1	0.0	0.0		0	0	0	0	0	0	GO(0)	CHASE(3424)
3425	1	S_SKILL_0	3	0	0	0		1	0.0	0.0		0	0	0	0	0	0	GO(0)	CHASE(3425)
3426	1	S_SKILL_0	3	0	0	0		1	0.0	0.0		0	0	0	0	0	0	GO(0)	CHASE(3426)
3427	1	S_SKILL_0	3	0	0	0		1	0.0	0.0		0	0	0	0	0	0	GO(0)	CHASE(3427)
3428	1	S_SKILL_0	3	0	0	0		1	0.0	0.0		0	0	0	0	0	0	GO(0)	CHASE(3428)
3429	1	S_SKILL_0	3	0	0	0		1	0.0	0.0		0	0	0	0	0	0	GO(0)	CHASE(3429)
3430	1	S_SKILL_0	3	0	0	0		1	0.0	0.0		0	0	0	0	0	0	GO(0)	CHASE(3430)
3431	1	S_SKILL_0	3	0	0	0		1	0.0	0.0		0	0	0	0	0	0	GO(0)	CHASE(3431)
3432	1	S_SKILL_0	3	0	0	0		1	0.0	0.0		0	0	0	0	0	0	GO(0)	CHASE(3432)
3433	1	S_SKILL_0	3	0	0	0		1	0.0	0.0		0	0	0	0	0	0	GO(0)	CHASE(3433)
3434	1	S_SKILL_0	3	0	0	0		1	0.0	0.0		0	0	0	0	0	0	GO(0)	CHASE(3434)
3435	1	S_SKILL_0	3	0	0	0		1	0.0	0.0		0	0	0	0	0	0	GO(0)	CHASE(3435)
3436	1	S_SKILL_0	3	0	0	0		1	0.0	0.0		0	0	0	0	0	0	GO(0)	CHASE(3436)
3437	1	S_SKILL_0	3	0	0	0		1	0.0	0.0		0	0	0	0	0	0	GO(0)	CHASE(3437)
3438	1	S_SKILL_0	3	0	0	0		1	0.0	0.0		0	0	0	0	0	0	GO(0)	CHASE(3438)
3439	1	S_SKILL_0	3	0	0	0		1	0.0	0.0		0	0	0	0	0	0	GO(0)	CHASE(3439)
3440	1	S_SKILL_0	3	0	0	0		1	0.0	0.0		0	0	0	0	0	0	GO(0)	CHASE(3440)
3441	1	S_SKILL_0	3	0	0	0		1	0.0	0.0		0	0	0	0	0	0	GO(0)	CHASE(3441)
3442	1	S_SKILL_0	3	0	0	0		1	0.0	0.0		0	0	0	0	0	0	GO(0)	CHASE(3442)
3443	1	S_SKILL_0	3	0	0	0		1	0.0	0.0		0	0	0	0	0	0	GO(0)	CHASE(3443)
3444	1	S_SKILL_0	3	0	0	0		1	0.0	0.0		0	0	0	0	0	0	GO(0)	CHASE(3444)
3445	1	S_SKILL_0	3	0	0	0		1	0.0	0.0		0	0	0	0	0	0	GO(0)	CHASE(3445)
3446	1	S_SKILL_0	3	0	0	0		1	0.0	0.0		0	0	0	0	0	0	GO(0)	CHASE(3446)
3447	1	S_SKILL_0	3	0	0	0		1	0.0	0.0		0	0	0	0	0	0	GO(0)	CHASE(3447)
3448	1	S_SKILL_0	3	0	0	0		1	0.0	0.0		0	0	0	0	0	0	GO(0)	CHASE(3448)
3449	1	S_SKILL_0	3	0	0	0		1	0.0	0.0		0	0	0	0	0	0	GO(0)	CHASE(3449)
3450	1	S_SKILL_0	3	0	0	0		1	0.0	0.0		0	0	0	0	0	0	GO(0)	CHASE(3450)
3451	1	S_SKILL_0	3	0	0	0		1	0.0	0.0		0	0	0	0	0	0	GO(0)	CHASE(3451)
3452	1	S_SKILL_0	3	0	0	0		1	0.0	0.0		0	0	0	0	0	0	GO(0)	CHASE(3452)
3453	1	S_SKILL_0	3	0	0	0		1	0.0	0.0		0	0	0	0	0	0	GO(0)	CHASE(3453)
3454	1	S_SKILL_0	3	0	0	0		1	0.0	0.0		0	0	0	0	0	0	GO(0)	CHASE(3454)
3455	1	S_SKILL_0	3	0	0	0		1	0.0	0.0		0	0	0	0	0	0	GO(0)	CHASE(3455)
3456	1	S_SKILL_0	3	0	0	0		1	0.0	0.0		0	0	0	0	0	0	GO(0)	CHASE(3456)
3457	1	S_SKILL_0	3	0	0	0		1	0.0	0.0		0	0	0	0	0	0	GO(0)	CHASE(3457)
3458	1	S_SKILL_0	3	0	0	0		1	0.0	0.0		0	0	0	0	0	0	GO(0)	CHASE(3458)
3459	1	S_SKILL_0	3	0	0	0		1	0.0	0.0		0	0	0	0	0	0	GO(0)	CHASE(3459)
3460	1	S_SKILL_0	3	0	0	0		1	0.0	0.0		0	0	0	0	0	0	GO(0)	CHASE(3460)
3461	1	S_SKILL_0	3	0	0	0		1	0.0	0.0		0	0	0	0	0	0	GO(0)	CHASE(3461)
3462	1	S_SKILL_0	3	0	0	0		1	0.0	0.0		0	0	0	0	0	0	GO(0)	CHASE(3462)
3463	1	S_SKILL_0	3	0	0	0		1	0.0	0.0		0	0	0	0	0	0	GO(0)	CHASE(3463)
3464	1	S_SKILL_0	3	0	0	0		1	0.0	0.0		0	0	0	0	0	0	GO(0)	CHASE(3464)
3465	1	S_SKILL_0	3	0	0	0		1	0.0	0.0		0	0	0	0	0	0	GO(0)	CHASE(3465)
3466	1	S_SKILL_0	3	0	0	0		1	0.0	0.0		0	0	0	0	0	0	GO(0)	CHASE(3466)
3467	1	S_SKILL_0	3	0	0	0		1	0.0	0.0		0	0	0	0	0	0	GO(0)	CHASE(3467)
3468	1	S_SKILL_0	3	0	0	0		1	0.0	0.0		0	0	0	0	0	0	GO(0)	CHASE(3468)
3469	1	S_SKILL_0	3	0	0	0		1	0.0	0.0		0	0	0	0	0	0	GO(0)	CHASE(3469)
3470	1	S_SKILL_0	3	0	0	0		1	0.0	0.0		0	0	0	0	0	0	GO(0)	CHASE(3470)
3471	1	S_SKILL_0	3	0	0	0		1	0.0	0.0		0	0	0	0	0	0	GO(0)	CHASE(3471)
3472	1	S_SKILL_0	3	0	0	0		1	0.0	0.0		0	0	0	0	0	0	GO(0)	CHASE(3472)
3473	1	S_SKILL_0	3	0	0	0		1	0.0	0.0		0	0	0	0	0	0	GO(0)	CHASE(3473)
3474	1	S_SKILL_0	3	0	0	0		1	0.0	0.0		0	0	0	0	0	0	GO(0)	CHASE(3474)
3475	1	S_SKILL_0	3	0	0	0		1	0.0	0.0		0	0	0	0	0	0	GO(0)	CHASE(3475)
3476	1	S_SKILL_0	3	0	0	0		1	0.0	0.0		0	0	0	0	0	0	GO(0)	CHASE(3476)
3477	1	S_SKILL_0	3	0	0	0		1	0.0	0.0		0	0	0	0	0	0	GO(0)	CHASE(3477)
3478	1	S_SKILL_0	3	0	0	0		1	0.0	0.0		0	0	0	0	0	0	GO(0)	CHASE(3478)
3479	1	S_SKILL_0	3	0	0	0		1	0.0	0.0		0	0	0	0	0	0	GO(0)	CHASE(3479)
3480	1	S_SKILL_0	3	0	0	0		1	0.0	0.0		0	0	0	0	0	0	GO(0)	CHASE(3480)
3481	1	S_SKILL_0	3	0	0	0		1	0.0	0.0		0	0	0	0	0	0	GO(0)	CHASE(3481)
3482	1	S_SKILL_0	3	0	0	0		1	0.0	0.0		0	0	0	0	0	0	GO(0)	CHASE(3482)
3483	1	S_SKILL_0	3	0	0	0		1	0.0	0.0		0	0	0	0	0	0	GO(0)	CHASE(3483)
3484	1	S_SKILL_0	3	0	0	0		1	0.0	0.0		0	0	0	0	0	0	GO(0)	CHASE(3484)
3485	1	S_SKILL_0	3	0	0	0		1	0.0	0.0		0	0	0	0	0	0	GO(0)	CHASE(3485)
3486	1	S_SKILL_0	3	0	0	0		1	0.0	0.0		0	0	0	0	0	0	GO(0)	CHASE(3486)
3487	1	S_SKILL_0	3	0	0	0		1	0.0	0.0		0	0	0	0	0	0	GO(0)	CHASE(3487)
3488	1	S_SKILL_0	3	0	0	0		1	0.0	0.0		0	0	0	0	0	0	GO(0)	CHASE(3488)
3489	1	S_SKILL_0	3	0	0	0		1	0.0	0.0		0	0	0	0	0	0	GO(0)	CHASE(3489)
3490	1	S_SKILL_0	3	0	0	0		1	0.0	0.0		0	0	0	0	0	0	GO(0)	CHASE(3490)
3491	1	S_SKILL_0	3	0	0	0		1	0.0	0.0		0	0	0	0	0	0	GO(0)	CHASE(3491)
3492	1	S_SKILL_0	3	0	0	0		1	0.0	0.0		0	0	0	0	0	0	GO(0)	CHASE(3492)
3493	1	S_SKILL_0	3	0	0	0		1	0.0	0.0		0	0	0	0	0	0	GO(0)	CHASE(3493)
3494	1	S_SKILL_0	3	0	0	0		1	0.0	0.0		0	0	0	0	0	0	GO(0)	CHASE(3494)
3495	1	S_SKILL_0	3	0	0	0		1	0.0	0.0		0	0	0	0	0	0	GO(0)	CHASE(3495)
3496	1	S_SKILL_0	3	0	0	0		1	0.0	0.0		0	0	0	0	0	0	GO(0)	CHASE(3496)
3497	1	S_SKILL_0	3	0	0	0		1	0.0	0.0		0	0	0	0	0	0	GO(0)	CHASE(3497)
3498	1	S_SKILL_0	3	0	0	0		1	0.0	0.0		0	0	0	0	0	0	GO(0)	CHASE(3498)
3499	1	S_SKILL_0	3	0	0	0		1	0.0	0.0		0	0	0	0	0	0	GO(0)	CHASE(3499)
3500	1	S_SKILL_0	3	0	0	0		1	0.0	0.0		0	0	0	0	0	0	GO(0)	CHASE(3500)
3501	1	S_SKILL_0	3	0	0	0		1	0.0	0.0		0	0	0	0	0	0	GO(0)	CHASE(3501)
3502	1	S_SKILL_0	3	0	0	0		1	0.0	0.0		0	0	0	0	0	0	GO(0)	CHASE(3502)
3503	1	S_SKILL_0	3	0	0	0		1	0.0	0.0		0	0	0	0	0	0	GO(0)	CHASE(3503)
3504	1	S_SKILL_0	3	0	0	0		1	0.0	0.0		0	0	0	0	0	0	GO(0)	CHASE(3504)
3505	1	S_SKILL_0	3	0	0	0		1	0.0	0.0		0	0	0	0	0	0	GO(0)	CHASE(3505)
3506	1	S_SKILL_0	3	0	0	0		1	0.0	0.0		0	0	0	0	0	0	GO(0)	CHASE(3506)
3507	1	S_SKILL_0	3	0	0	0		1	0.0	0.0		0	0	0	0	0	0	GO(0)	CHASE(3507)
3508	1	S_SKILL_0	3	0	0	0		1	0.0	0.0		0	0	0	0	0	0	GO(0)	CHASE(3508)
3509	1	S_SKILL_0	3	0	0	0		1	0.0	0.0		0	0	0	0	0	0	GO(0)	CHASE(3509)
3510	1	S_SKILL_0	3	0	0	0		1	0.0	0.0		0	0	0	0	0	0	GO(0)	CHASE(3510)
3511	1	S_SKILL_0	3	0	0	0		1	0.0	0.0		0	0	0	0	0	0	GO(0)	CHASE(3511)
3512	1	S_SKILL_0	3	0	0	0		1	0.0	0.0		0	0	0	0	0	0	GO(0)	CHASE(3512)
3513	1	S_SKILL_0	3	0	0	0		1	0.0	0.0		0	0	0	0	0	0	GO(0)	CHASE(3513)
3514	1	S_SKILL_0	3	0	0	0		1	0.0	0.0		0	0	0	0	0	0	GO(0)	CHASE(3514)
3515	1	S_SKILL_0	3	0	0	0		1	0.0	0.0		0	0	0	0	0	0	GO(0)	CHASE(3515)
3516	1	S_SKILL_0	3	0	0	0		1	0.0	0.0		0	0	0	0	0	0	GO(0)	CHASE(3516)
3517	1	S_SKILL_0	3	0	0	0		1	0.0	0.0		0	0	0	0	0	0	GO(0)	CHASE(3517)
3518	1	S_SKILL_0	3	0	0	0		1	0.0	0.0		0	0	0	0	0	0	GO(0)	CHASE(3518)
3519	1	S_SKILL_0	3	0	0	0		1	0.0	0.0		0	0	0	0	0	0	GO(0)	CHASE(3519)
3520	1	S_SKILL_0	3	0	0	0		1	0.0	0.0		0	0	0	0	0	0	GO(0)	CHASE(3520)
3521	1	S_SKILL_0	3	0	0	0		1	0.0	0.0		0	0	0	0	0	0	GO(0)	CHASE(3521)
3522	1	S_SKILL_0	3	0	0	0		1	0.0	0.0		0	0	0	0	0	0	GO(0)	CHASE(3522)
3523	1	S_SKILL_0	3	0	0	0		1	0.0	0.0		0	0	0	0	0	0	GO(0)	CHASE(3523)
3524	1	S_SKILL_0	3	0	0	0		1	0.0	0.0		0	0	0	0	0	0	GO(0)	CHASE(3524)
3525	1	S_SKILL_0	3	0	0	0		1	0.0	0.0		0	0	0	0	0	0	GO(0)	CHASE(3525)
3526	1	S_SKILL_0	3	0	0	0		1	0.0	0.0		0	0	0	0	0	0	GO(0)	CHASE(3526)
3527	1	S_SKILL_0	3	0	0	0		1	0.0	0.0		0	0	0	0	0	0	GO(0)	CHASE(3527)
3528	1	S_SKILL_0	3	0	0	0		1	0.0	0.0		0	0	0	0	0	0	GO(0)	CHASE(3528)
3529	1	S_SKILL_0	3	0	0	0		1	0.0	0.0		0	0	0	0	0	0	GO(0)	CHASE(3529)
3530	1	S_SKILL_0	3	0	0	0		1	0.0	0.0		0	0	0	0	0	0	GO(0)	CHASE(3530)
3531	1	S_SKILL_0	3	0	0	0		1	0.0	0.0		0	0	0	0	0	0	GO(0)	CHASE(3531)
3532	1	S_SKILL_0	3	0	0	0		1	0.0	0.0		0	0	0	0	0	0	GO(0)	CHASE(3532)
3533	1	S_SKILL_0	3	0	0	0		1	0.0	0.0		0	0	0	0	0	0	GO(0)	CHASE(3533)
3534	1	S_SKILL_0	3	0	0	0		1	0.0	0.0		0	0	0	0	0	0	GO(0)	CHASE(3534)
3535	1	S_SKILL_0	3	0	0	0		1	0.0	0.0		0	0	0	0	0	0	GO(0)	CHASE(3535)
3536	1	S_SKILL_0	3	0	0	0		1	0.0	0.0		0	0	0	0	0	0	GO(0)	CHASE(3536)
3537	1	S_SKILL_0	3	0	0	0		1	0.0	0.0		0	0	0	0	0	0	GO(0)	CHASE(3537)
3538	1	S_SKILL_0	3	0	0	0		1	0.0	0.0		0	0	0	0	0	0	GO(0)	CHASE(3538)
3539	1	S_SKILL_0	3	0	0	0		1	0.0	0.0		0	0	0	0	0	0	GO(0)	CHASE(3539)
3540	1	S_SKILL_0	3	0	0	0		1	0.0	0.0		0	0	0	0	0	0	GO(0)	CHASE(3540)
3541	1	S_SKILL_0	3	0	0	0		1	0.0	0.0		0	0	0	0	0	0	GO(0)	CHASE(3541)
3542	1	S_SKILL_0	3	0	0	0		1	0.0	0.0		0	0	0	0	0	0	GO(0)	CHASE(3542)
3543	1	S_SKILL_0	3	0	0	0		1	0.0	0.0		0	0	0	0	0	0	GO(0)	CHASE(3543)
3544	1	S_SKILL_0	3	0	0	0		1	0.0	0.0		0	0	0	0	0	0	GO(0)	CHASE(3544)
3545	1	S_SKILL_0	3	0	0	0		1	0.0	0.0		0	0	0	0	0	0	GO(0)	CHASE(3545)
3546	1	S_SKILL_0	3	0	0	0		1	0.0	0.0		0	0	0	0	0	0	GO(0)	CHASE(3546)
3547	1	S_SKILL_0	3	0	0	0		1	0.0	0.0		0	0	0	0	0	0	GO(0)	CHASE(3547)
3548	1	S_SKILL_0	3	0	0	0		1	0.0	0.0		0	0	0	0	0	0	GO(0)	CHASE(3548)
3549	1	S_SKILL_0	3	0	0	0		1	0.0	0.0		0	0	0	0	0	0	GO(0)	CHASE(3549)
3550	1	S_SKILL_0	3	0	0	0		1	0.0	0.0		0	0	0	0	0	0	GO(0)	CHASE(3550)
3551	1	S_SKILL_0	3	0	0	0		1	0.0	0.0		0	0	0	0	0	0	GO(0)	CHASE(3551)
3552	1	S_SKILL_0	3	0	0	0		1	0.0	0.0		0	0	0	0	0	0	GO(0)	CHASE(3552)
3553	1	S_SKILL_0	3	0	0	0		1	0.0	0.0		0	0	0	0	0	0	GO(0)	CHASE(3553)
3554	1	S_SKILL_0	3	0	0	0		1	0.0	0.0		0	0	0	0	0	0	GO(0)	CHASE(3554)
3555	1	S_SKILL_0	3	0	0	0		1	0.0	0.0		0	0	0	0	0	0	GO(0)	CHASE(3555)
3556	1	S_SKILL_0	3	0	0	0		1	0.0	0.0		0	0	0	0	0	0	GO(0)	CHASE(3556)
3557	1	S_SKILL_0	3	0	0	0		1	0.0	0.0		0	0	0	0	0	0	GO(0)	CHASE(3557)
3558	1	S_SKILL_0	3	0	0	0		1	0.0	0.0		0	0	0	0	0	0	GO(0)	CHASE(3558)
3559	1	S_SKILL_0	3	0	0	0		1	0.0	0.0		0	0	0	0	0	0	GO(0)	CHASE(3559)
3560	1	S_SKILL_0	3	0	0	0		1	0.0	0.0		0	0	0	0	0	0	GO(0)	CHASE(3560)
3561	1	S_SKILL_0	3	0	0	0		1	0.0	0.0		0	0	0	0	0	0	GO(0)	CHASE(3561)
3562	1	S_SKILL_0	3	0	0	0		1	0.0	0.0		0	0	0	0	0	0	GO(0)	CHASE(3562)
3563	1	S_SKILL_0	3	0	0	0		1	0.0	0.0		0	0	0	0	0	0	GO(0)	CHASE(3563)
3564	1	S_SKILL_0	3	0	0	0		1	0.0	0.0		0	0	0	0	0	0	GO(0)	CHASE(3564)
3565	1	S_SKILL_0	3	0	0	0		1	0.0	0.0		0	0	0	0	0	0	GO(0)	CHASE(3565)
3566	1	S_SKILL_0	3	0	0	0		1	0.0	0.0		0	0	0	0	0	0	GO(0)	CHASE(3566)
3567	1	S_SKILL_0	3	0	0	0		1	0.0	0.0		0	0	0	0	0	0	GO(0)	CHASE(3567)
3568	1	S_SKILL_0	3	0	0	0		1	0.0	0.0		0	0	0	0	0	0	GO(0)	CHASE(3568)
3569	1	S_SKILL_0	3	0	0	0		1	0.0	0.0		0	0	0	0	0	0	GO(0)	CHASE(3569)
3570	1	S_SKILL_0	3	0	0	0		1	0.0	0.0		0	0	0	0	0	0	GO(0)	CHASE(3570)
3571	1	S_SKILL_0	3	0	0	0		1	0.0	0.0		0	0	0	0	0	0	GO(0)	CHASE(3571)
3572	1	S_SKILL_0	3	0	0	0		1	0.0	0.0		0	0	0	0	0	0	GO(0)	CHASE(3572)
3573	1	S_SKILL_0	3	0	0	0		1	0.0	0.0		0	0	0	0	0	0	GO(0)	CHASE(3573)
3574	1	S_SKILL_0	3	0	0	0		1	0.0	0.0		0	0	0	0	0	0	GO(0)	CHASE(3574)
3575	1	S_SKILL_0	3	0	0	0		1	0.0	0.0		0	0	0	0	0	0	GO(0)	CHASE(3575)
3576	1	S_SKILL_0	3	0	0	0		1	0.0	0.0		0	0	0	0	0	0	GO(0)	CHASE(3576)
3577	1	S_SKILL_0	3	0	0	0		1	0.0	0.0		0	0	0	0	0	0	GO(0)	CHASE(3577)
3578	1	S_SKILL_0	3	0	0	0		1	0.0	0.0		0	0	0	0	0	0	GO(0)	CHASE(3578)
3579	1	S_SKILL_0	3	0	0	0		1	0.0	0.0		0	0	0	0	0	0	GO(0)	CHASE(3579)
3580	1	S_SKILL_0	3	0	0	0		1	0.0	0.0		0	0	0	0	0	0	GO(0)	CHASE(3580)
3581	1	S_SKILL_0	3	0	0	0		1	0.0	0.0		0	0	0	0	0	0	GO(0)	CHASE(3581)
3582	1	S_SKILL_0	3	0	0	0		1	0.0	0.0		0	0	0	0	0	0	GO(0)	CHASE(3582)
3583	1	S_SKILL_0	3	0	0	0		1	0.0	0.0		0	0	0	0	0	0	GO(0)	CHASE(3583)
3584	1	S_SKILL_0	3	0	0	0		1	0.0	0.0		0	0	0	0	0	0	GO(0)	CHASE(3584)
3585	1	S_SKILL_0	3	0	0	0		1	0.0	0.0		0	0	0	0	0	0	GO(0)	CHASE(3585)
3586	1	S_SKILL_0	3	0	0	0		1	0.0	0.0		0	0	0	0	0	0	GO(0)	CHASE(3586)
3587	1	S_SKILL_0	3	0	0	0		1	0.0	0.0		0	0	0	0	0	0	GO(0)	CHASE(3587)
3588	1	S_SKILL_0	3	0	0	0		1	0.0	0.0		0	0	0	0	0	0	GO(0)	CHASE(3588)
3589	1	S_SKILL_0	3	0	0	0		1	0.0	0.0		0	0	0	0	0	0	GO(0)	CHASE(3589)
3590	1	S_SKILL_0	3	0	0	0		1	0.0	0.0		0	0	0	0	0	0	GO(0)	CHASE(3590)
3591	1	S_SKILL_0	3	0	0	0		1	0.0	0.0		0	0	0	0	0	0	GO(0)	CHASE(3591)
3592	1	S_SKILL_0	3	0	0	0		1	0.0	0.0		0	0	0	0	0	0	GO(0)	CHASE(3592)
3593	1	S_SKILL_0	3	0	0	0		1	0.0	0.0		0	0	0	0	0	0	GO(0)	CHASE(3593)
3594	1	S_SKILL_0	3	0	0	0		1	0.0	0.0		0	0	0	0	0	0	GO(0)	CHASE(3594)
3595	1	S_SKILL_0	3	0	0	0		1	0.0	0.0		0	0	0	0	0	0	GO(0)	CHASE(3595)
3596	1	S_SKILL_0	3	0	0	0		1	0.0	0.0		0	0	0	0	0	0	GO(0)	CHASE(3596)
3597	1	S_SKILL_0	3	0	0	0		1	0.0	0.0		0	0	0	0	0	0	GO(0)	CHASE(3597)
3598	1	S_SKILL_0	3	0	0	0		1	0.0	0.0		0	0	0	0	0	0	GO(0)	CHASE(3598)
3599	1	S_SKILL_0	3	0	0	0		1	0.0	0.0		0	0	0	0	0	0	GO(0)	CHASE(3599)
3600	1	S_SKILL_0	3	0	0	0		1	0.0	0.0		0	0	0	0	0	0	GO(0)	CHASE(3600)
3601	1	S_SKILL_0	3	0	0	0		1	0.0	0.0		0	0	0	0	0	0	GO(0)	CHASE(3601)
3602	1	S_SKILL_0	3	0	0	0		1	0.0	0.0		0	0	0	0	0	0	GO(0)	CHASE(3602)
3603	1	S_SKILL_0	3	0	0	0		1	0.0	0.0		0	0	0	0	0	0	GO(0)	CHASE(3603)
3604	1	S_SKILL_0	3	0	0	0		1	0.0	0.0		0	0	0	0	0	0	GO(0)	CHASE(3604)
3605	1	S_SKILL_0	3	0	0	0		1	0.0	0.0		0	0	0	0	0	0	GO(0)	CHASE(3605)
3606	1	S_SKILL_0	3	0	0	0		1	0.0	0.0		0	0	0	0	0	0	GO(0)	CHASE(3606)
3607	1	S_SKILL_0	3	0	0	0		1	0.0	0.0		0	0	0	0	0	0	GO(0)	CHASE(3607)
3608	1	S_SKILL_0	3	0	0	0		1	0.0	0.0		0	0	0	0	0	0	GO(0)	CHASE(3608)
3609	1	S_SKILL_0	3	0	0	0		1	0.0	0.0		0	0	0	0	0	0	GO(0)	CHASE(3609)
3610	1	S_SKILL_0	3	0	0	0		1	0.0	0.0		0	0	0	0	0	0	GO(0)	CHASE(3610)
3611	1	S_SKILL_0	3	0	0	0		1	0.0	0.0		0	0	0	0	0	0	GO(0)	CHASE(3611)
3612	1	S_SKILL_0	3	0	0	0		1	0.0	0.0		0	0	0	0	0	0	GO(0)	CHASE(3612)
3613	1	S_SKILL_0	3	0	0	0		1	0.0	0.0		0	0	0	0	0	0	GO(0)	CHASE(3613)
3614	1	S_SKILL_0	3	0	0	0		1	0.0	0.0		0	0	0	0	0	0	GO(0)	CHASE(3614)
3615	1	S_SKILL_0	3	0	0	0		1	0.0	0.0		0	0	0	0	0	0	GO(0)	CHASE(3615)
3616	1	S_SKILL_0	3	0	0	0		1	0.0	0.0		0	0	0	0	0	0	GO(0)	CHASE(3616)
3617	1	S_SKILL_0	3	0	0	0		1	0.0	0.0		0	0	0	0	0	0	GO(0)	CHASE(3617)
3618	1	S_SKILL_0	3	0	0	0		1	0.0	0.0		0	0	0	0	0	0	GO(0)	CHASE(3618)
3619	1	S_SKILL_0	3	0	0	0		1	0.0	0.0		0	0	0	0	0	0	GO(0)	CHASE(3619)
3620	1	S_SKILL_0	3	0	0	0		1	0.0	0.0		0	0	0	0	0	0	GO(0)	CHASE(3620)
3621	1	S_SKILL_0	3	0	0	0		1	0.0	0.0		0	0	0	0	0	0	GO(0)	CHASE(3621)
3622	1	S_SKILL_0	3	0	0	0		1	0.0	0.0		0	0	0	0	0	0	GO(0)	CHASE(3622)
3623	1	S_SKILL_0	3	0	0	0		1	0.0	0.0		0	0	0	0	0	0	GO(0)	CHASE(3623)
3624	1	S_SKILL_0	3	0	0	0		1	0.0	0.0		0	0	0	0	0	0	GO(0)	CHASE(3624)
3625	1	S_SKILL_0	3	0	0	0		1	0.0	0.0		0	0	0	0	0	0	GO(0)	CHASE(3625)
3626	1	S_SKILL_0	3	0	0	0		1	0.0	0.0		0	0	0	0	0	0	GO(0)	CHASE(3626)
3627	1	S_SKILL_0	3	0	0	0		1	0.0	0.0		0	0	0	0	0	0	GO(0)	CHASE(3627)
3628	1	S_SKILL_0	3	0	0	0		1	0.0	0.0		0	0	0	0	0	0	GO(0)	CHASE(3628)
3629	1	S_SKILL_0	3	0	0	0		1	0.0	0.0		0	0	0	0	0	0	GO(0)	CHASE(3629)
3630	1	S_SKILL_0	3	0	0	0		1	0.0	0.0		0	0	0	0	0	0	GO(0)	CHASE(3630)
3631	1	S_SKILL_0	3	0	0	0		1	0.0	0.0		0	0	0	0	0	0	GO(0)	CHASE(3631)
3632	1	S_SKILL_0	3	0	0	0		1	0.0	0.0		0	0	0	0	0	0	GO(0)	CHASE(3632)
3633	1	S_SKILL_0	3	0	0	0		1	0.0	0.0		0	0	0	0	0	0	GO(0)	CHASE(3633)
3634	1	S_SKILL_0	3	0	0	0		1	0.0	0.0		0	0	0	0	0	0	GO(0)	CHASE(3634)
3635	1	S_SKILL_0	3	0	0	0		1	0.0	0.0		0	0	0	0	0	0	GO(0)	CHASE(3635)
3636	1	S_SKILL_0	3	0	0	0		1	0.0	0.0		0	0	0	0	0	0	GO(0)	CHASE(3636)
3637	1	S_SKILL_0	3	0	0	0		1	0.0	0.0		0	0	0	0	0	0	GO(0)	CHASE(3637)
3638	1	S_SKILL_0	3	0	0	0		1	0.0	0.0		0	0	0	0	0	0	GO(0)	CHASE(3638)
3639	1	S_SKILL_0	3	0	0	0		1	0.0	0.0		0	0	0	0	0	0	GO(0)	CHASE(3639)
3640	1	S_SKILL_0	3	0	0	0		1	0.0	0.0		0	0	0	0	0	0	GO(0)	CHASE(3640)
3641	1	S_SKILL_0	3	0	0	0		1	0.0	0.0		0	0	0	0	0	0	GO(0)	CHASE(3641)
3642	1	S_SKILL_0	3	0	0	0		1	0.0	0.0		0	0	0	0	0	0	GO(0)	CHASE(3642)
3643	1	S_SKILL_0	3	0	0	0		1	0.0	0.0		0	0	0	0	0	0	GO(0)	CHASE(3643)
3644	1	S_SKILL_0	3	0	0	0		1	0.0	0.0		0	0	0	0	0	0	GO(0)	CHASE(3644)
3645	1	S_SKILL_0	3	0	0	0		1	0.0	0.0		0	0	0	0	0	0	GO(0)	CHASE(3645)
3646	1	S_SKILL_0	3	0	0	0		1	0.0	0.0		0	0	0	0	0	0	GO(0)	CHASE(3646)
3647	1	S_SKILL_0	3	0	0	0		1	0.0	0.0		0	0	0	0	0	0	GO(0)	CHASE(3647)
3648	1	S_SKILL_0	3	0	0	0		1	0.0	0.0		0	0	0	0	0	0	GO(0)	CHASE(3648)
3649	1	S_SKILL_0	3	0	0	0		1	0.0	0.0		0	0	0	0	0	0	GO(0)	CHASE(3649)
3650	1	S_SKILL_0	3	0	0	0		1	0.0	0.0		0	0	0	0	0	0	GO(0)	CHASE(3650)
3651	1	S_SKILL_0	3	0	0	0		1	0.0	0.0		0	0	0	0	0	0	GO(0)	CHASE(3651)
3652	1	S_SKILL_0	3	0	0	0		1	0.0	0.0		0	0	0	0	0	0	GO(0)	CHASE(3652)
3653	1	S_SKILL_0	3	0	0	0		1	0.0	0.0		0	0	0	0	0	0	GO(0)	CHASE(3653)
3654	1	S_SKILL_0	3	0	0	0		1	0.0	0.0		0	0	0	0	0	0	GO(0)	CHASE(3654)
3655	1	S_SKILL_0	3	0	0	0		1	0.0	0.0		0	0	0	0	0	0	GO(0)	CHASE(3655)
3656	1	S_SKILL_0	3	0	0	0		1	0.0	0.0		0	0	0	0	0	0	GO(0)	CHASE(3656)
3657	1	S_SKILL_0	3	0	0	0		1	0.0	0.0		0	0	0	0	0	0	GO(0)	CHASE(3657)
3658	1	S_SKILL_0	3	0	0	0		1	0.0	0.0		0	0	0	0	0	0	GO(0)	CHASE(3658)
3659	1	S_SKILL_0	3	0	0	0		1	0.0	0.0		0	0	0	0	0	0	GO(0)	CHASE(3659)
3660	1	S_SKILL_0	3	0	0	0		1	0.0	0.0		0	0	0	0	0	0	GO(0)	CHASE(3660)
3661	1	S_SKILL_0	3	0	0	0		1	0.0	0.0		0	0	0	0	0	0	GO(0)	CHASE(3661)
3662	1	S_SKILL_0	3	0	0	0		1	0.0	0.0		0	0	0	0	0	0	GO(0)	CHASE(3662)
3663	1	S_SKILL_0	3	0	0	0		1	0.0	0.0		0	0	0	0	0	0	GO(0)	CHASE(3663)
3664	1	S_SKILL_0	3	0	0	0		1	0.0	0.0		0	0	0	0	0	0	GO(0)	CHASE(3664)
3665	1	S_SKILL_0	3	0	0	0		1	0.0	0.0		0	0	0	0	0	0	GO(0)	CHASE(3665)
3666	1	S_SKILL_0	3	0	0	0		1	0.0	0.0		0	0	0	0	0	0	GO(0)	CHASE(3666)
3667	1	S_SKILL_0	3	0	0	0		1	0.0	0.0		0	0	0	0	0	0	GO(0)	CHASE(3667)
3668	1	S_SKILL_0	3	0	0	0		1	0.0	0.0		0	0	0	0	0	0	GO(0)	CHASE(3668)
3669	1	S_SKILL_0	3	0	0	0		1	0.0	0.0		0	0	0	0	0	0	GO(0)	CHASE(3669)
3670	1	S_SKILL_0	3	0	0	0		1	0.0	0.0		0	0	0	0	0	0	GO(0)	CHASE(3670)
3671	1	S_SKILL_0	3	0	0	0		1	0.0	0.0		0	0	0	0	0	0	GO(0)	CHASE(3671)
3672	1	S_SKILL_0	3	0	0	0		1	0.0	0.0		0	0	0	0	0	0	GO(0)	CHASE(3672)
3673	1	S_SKILL_0	3	0	0	0		1	0.0	0.0		0	0	0	0	0	0	GO(0)	CHASE(3673)
3674	1	S_SKILL_0	3	0	0	0		1	0.0	0.0		0	0	0	0	0	0	GO(0)	CHASE(3674)
3675	1	S_SKILL_0	3	0	0	0		1	0.0	0.0		0	0	0	0	0	0	GO(0)	CHASE(3675)
3676	1	S_SKILL_0	3	0	0	0		1	0.0	0.0		0	0	0	0	0	0	GO(0)	CHASE(3676)
3677	1	S_SKILL_0	3	0	0	0		1	0.0	0.0		0	0	0	0	0	0	GO(0)	CHASE(3677)
3678	1	S_SKILL_0	3	0	0	0		1	0.0	0.0		0	0	0	0	0	0	GO(0)	CHASE(3678)
3679	1	S_SKILL_0	3	0	0	0		1	0.0	0.0		0	0	0	0	0	0	GO(0)	CHASE(3679)
3680	1	S_SKILL_0	3	0	0	0		1	0.0	0.0		0	0	0	0	0	0	GO(0)	CHASE(3680)
3681	1	S_SKILL_0	3	0	0	0		1	0.0	0.0		0	0	0	0	0	0	GO(0)	CHASE(3681)
3682	1	S_SKILL_0	3	0	0	0		1	0.0	0.0		0	0	0	0	0	0	GO(0)	CHASE(3682)
3683	1	S_SKILL_0	3	0	0	0		1	0.0	0.0		0	0	0	0	0	0	GO(0)	CHASE(3683)
3684	1	S_SKILL_0	3	0	0	0		1	0.0	0.0		0	0	0	0	0	0	GO(0)	CHASE(3684)
3685	1	S_SKILL_0	3	0	0	0		1	0.0	0.0		0	0	0	0	0	0	GO(0)	CHASE(3685)
3686	1	S_SKILL_0	3	0	0	0		1	0.0	0.0		0	0	0	0	0	0	GO(0)	CHASE(3686)
3687	1	S_SKILL_0	3	0	0	0		1	0.0	0.0		0	0	0	0	0	0	GO(0)	CHASE(3687)
3688	1	S_SKILL_0	3	0	0	0		1	0.0	0.0		0	0	0	0	0	0	GO(0)	CHASE(3688)
3689	1	S_SKILL_0	3	0	0	0		1	0.0	0.0		0	0	0	0	0	0	GO(0)	CHASE(3689)
3690	1	S_SKILL_0	3	0	0	0		1	0.0	0.0		0	0	0	0	0	0	GO(0)	CHASE(3690)
3691	1	S_SKILL_0	3	0	0	0		1	0.0	0.0		0	0	0	0	0	0	GO(0)	CHASE(3691)
3692	1	S_SKILL_0	3	0	0	0		1	0.0	0.0		0	0	0	0	0	0	GO(0)	CHASE(3692)
3693	1	S_SKILL_0	3	0	0	0		1	0.0	0.0		0	0	0	0	0	0	GO(0)	CHASE(3693)
3694	1	S_SKILL_0	3	0	0	0		1	0.0	0.0		0	0	0	0	0	0	GO(0)	CHASE(3694)
3695	1	S_SKILL_0	3	0	0	0		1	0.0	0.0		0	0	0	0	0	0	GO(0)	CHASE(3695)
3696	1	S_SKILL_0	3	0	0	0		1	0.0	0.0		0	0	0	0	0	0	GO(0)	CHASE(3696)
3697	1	S_SKILL_0	3	0	0	0		1	0.0	0.0		0	0	0	0	0	0	GO(0)	CHASE(3697)
3698	1	S_SKILL_0	3	0	0	0		1	0.0	0.0		0	0	0	0	0	0	GO(0)	CHASE(3698)
3699	1	S_SKILL_0	3	0	0	0		1	0.0	0.0		0	0	0	0	0	0	GO(0)	CHASE(3699)
3700	1	S_SKILL_0	3	0	0	0		1	0.0	0.0		0	0	0	0	0	0	GO(0)	CHASE(3700)
3701	1	S_SKILL_0	3	0	0	0		1	0.0	0.0		0	0	0	0	0	0	GO(0)	CHASE(3701)
3702	1	S_SKILL_0	3	0	0	0		1	0.0	0.0		0	0	0	0	0	0	GO(0)	CHASE(3702)
3703	1	S_SKILL_0	3	0	0	0		1	0.0	0.0		0	0	0	0	0	0	GO(0)	CHASE(3703)
3704	1	S_SKILL_0	3	0	0	0		1	0.0	0.0		0	0	0	0	0	0	GO(0)	CHASE(3704)
3705	1	S_SKILL_0	3	0	0	0		1	0.0	0.0		0	0	0	0	0	0	GO(0)	CHASE(3705)
3706	1	S_SKILL_0	3	0	0	0		1	0.0	0.0		0	0	0	0	0	0	GO(0)	CHASE(3706)
3707	1	S_SKILL_0	3	0	0	0		1	0.0	0.0		0	0	0	0	0	0	GO(0)	CHASE(3707)
3708	1	S_SKILL_0	3	0	0	0		1	0.0	0.0		0	0	0	0	0	0	GO(0)	CHASE(3708)
3709	1	S_SKILL_0	3	0	0	0		1	0.0	0.0		0	0	0	0	0	0	GO(0)	CHASE(3709)
3710	1	S_SKILL_0	3	0	0	0		1	0.0	0.0		0	0	0	0	0	0	GO(0)	CHASE(3710)
3711	1	S_SKILL_0	3	0	0	0		1	0.0	0.0		0	0	0	0	0	0	GO(0)	CHASE(3711)
3712	1	S_SKILL_0	3	0	0	0		1	0.0	0.0		0	0	0	0	0	0	GO(0)	CHASE(3712)
3713	1	S_SKILL_0	3	0	0	0		1	0.0	0.0		0	0	0	0	0	0	GO(0)	CHASE(3713)
3714	1	S_SKILL_0	3	0	0	0		1	0.0	0.0		0	0	0	0	0	0	GO(0)	CHASE(3714)
3715	1	S_SKILL_0	3	0	0	0		1	0.0	0.0		0	0	0	0	0	0	GO(0)	CHASE(3715)
3716	1	S_SKILL_0	3	0	0	0		1	0.0	0.0		0	0	0	0	0	0	GO(0)	CHASE(3716)
3717	1	S_SKILL_0	3	0	0	0		1	0.0	0.0		0	0	0	0	0	0	GO(0)	CHASE(3717)
3718	1	S_SKILL_0	3	0	0	0		1	0.0	0.0		0	0	0	0	0	0	GO(0)	CHASE(3718)
3719	1	S_SKILL_0	3	0	0	0		1	0.0	0.0		0	0	0	0	0	0	GO(0)	CHASE(3719)
3720	1	S_SKILL_0	3	0	0	0		1	0.0	0.0		0	0	0	0	0	0	GO(0)	CHASE(3720)
3721	1	S_SKILL_0	3	0	0	0		1	0.0	0.0		0	0	0	0	0	0	GO(0)	CHASE(3721)
3722	1	S_SKILL_0	3	0	0	0		1	0.0	0.0		0	0	0	0	0	0	GO(0)	CHASE(3722)
3723	1	S_SKILL_0	3	0	0	0		1	0.0	0.0		0	0	0	0	0	0	GO(0)	CHASE(3723)
3724	1	S_SKILL_0	3	0	0	0		1	0.0	0.0		0	0	0	0	0	0	GO(0)	CHASE(3724)
3725	1	S_SKILL_0	3	0	0	0		1	0.0	0.0		0	0	0	0	0	0	GO(0)	CHASE(3725)
3726	1	S_SKILL_0	3	0	0	0		1	0.0	0.0		0	0	0	0	0	0	GO(0)	CHASE(3726)
3727	1	S_SKILL_0	3	0	0	0		1	0.0	0.0		0	0	0	0	0	0	GO(0)	CHASE(3727)
3728	1	S_SKILL_0	3	0	0	0		1	0.0	0.0		0	0	0	0	0	0	GO(0)	CHASE(3728)
3729	1	S_SKILL_0	3	0	0	0		1	0.0	0.0		0	0	0	0	0	0	GO(0)	CHASE(3729)
3730	1	S_SKILL_0	3	0	0	0		1	0.0	0.0		0	0	0	0	0	0	GO(0)	CHASE(3730)
3731	1	S_SKILL_0	3	0	0	0		1	0.0	0.0		0	0	0	0	0	0	GO(0)	CHASE(3731)
3732	1	S_SKILL_0	3	0	0	0		1	0.0	0.0		0	0	0	0	0	0	GO(0)	CHASE(3732)
3733	1	S_SKILL_0	3	0	0	0		1	0.0	0.0		0	0	0	0	0	0	GO(0)	CHASE(3733)
3734	1	S_SKILL_0	3	0	0	0		1	0.0	0.0		0	0	0	0	0	0	GO(0)	CHASE(3734)
3735	1	S_SKILL_0	3	0	0	0		1	0.0	0.0		0	0	0	0	0	0	GO(0)	CHASE(3735)
3736	1	S_SKILL_0	3	0	0	0		1	0.0	0.0		0	0	0	0	0	0	GO(0)	CHASE(3736)
3737	1	S_SKILL_0	3	0	0	0		1	0.0	0.0		0	0	0	0	0	0	GO(0)	CHASE(3737)
3738	1	S_SKILL_0	3	0	0	0		1	0.0	0.0		0	0	0	0	0	0	GO(0)	CHASE(3738)
3739	1	S_SKILL_0	3	0	0	0		1	0.0	0.0		0	0	0	0	0	0	GO(0)	CHASE(3739)
3740	1	S_SKILL_0	3	0	0	0		1	0.0	0.0		0	0	0	0	0	0	GO(0)	CHASE(3740)
3741	1	S_SKILL_0	3	0	0	0		1	0.0	0.0		0	0	0	0	0	0	GO(0)	CHASE(3741)
3742	1	S_SKILL_0	3	0	0	0		1	0.0	0.0		0	0	0	0	0	0	GO(0)	CHASE(3742)
3743	1	S_SKILL_0	3	0	0	0		1	0.0	0.0		0	0	0	0	0	0	GO(0)	CHASE(3743)
3744	1	S_SKILL_0	3	0	0	0		1	0.0	0.0		0	0	0	0	0	0	GO(0)	CHASE(3744)
3745	1	S_SKILL_0	3	0	0	0		1	0.0	0.0		0	0	0	0	0	0	GO(0)	CHASE(3745)
3746	1	S_SKILL_0	3	0	0	0		1	0.0	0.0		0	0	0	0	0	0	GO(0)	CHASE(3746)
3747	1	S_SKILL_0	3	0	0	0		1	0.0	0.0		0	0	0	0	0	0	GO(0)	CHASE(3747)
3748	1	S_SKILL_0	3	0	0	0		1	0.0	0.0		0	0	0	0	0	0	GO(0)	CHASE(3748)
3749	1	S_SKILL_0	3	0	0	0		1	0.0	0.0		0	0	0	0	0	0	GO(0)	CHASE(3749)
3750	1	S_SKILL_0	3	0	0	0		1	0.0	0.0		0	0	0	0	0	0	GO(0)	CHASE(3750)
3751	1	S_SKILL_0	3	0	0	0		1	0.0	0.0		0	0	0	0	0	0	GO(0)	CHASE(3751)
3752	1	S_SKILL_0	3	0	0	0		1	0.0	0.0		0	0	0	0	0	0	GO(0)	CHASE(3752)
3753	1	S_SKILL_0	3	0	0	0		1	0.0	0.0		0	0	0	0	0	0	GO(0)	CHASE(3753)
3754	1	S_SKILL_0	3	0	0	0		1	0.0	0.0		0	0	0	0	0	0	GO(0)	CHASE(3754)
3755	1	S_SKILL_0	3	0	0	0		1	0.0	0.0		0	0	0	0	0	0	GO(0)	CHASE(3755)
3756	1	S_SKILL_0	3	0	0	0		1	0.0	0.0		0	0	0	0	0	0	GO(0)	CHASE(3756)
3757	1	S_SKILL_0	3	0	0	0		1	0.0	0.0		0	0	0	0	0	0	GO(0)	CHASE(3757)
3758	1	S_SKILL_0	3	0	0	0		1	0.0	0.0		0	0	0	0	0	0	GO(0)	CHASE(3758)
3759	1	S_SKILL_0	3	0	0	0		1	0.0	0.0		0	0	0	0	0	0	GO(0)	CHASE(3759)
3760	1	S_SKILL_0	3	0	0	0		1	0.0	0.0		0	0	0	0	0	0	GO(0)	CHASE(3760)
3761	1	S_SKILL_0	3	0	0	0		1	0.0	0.0		0	0	0	0	0	0	GO(0)	CHASE(3761)
3762	1	S_SKILL_0	3	0	0	0		1	0.0	0.0		0	0	0	0	0	0	GO(0)	CHASE(3762)
3763	1	S_SKILL_0	3	0	0	0		1	0.0	0.0		0	0	0	0	0	0	GO(0)	CHASE(3763)
3764	1	S_SKILL_0	3	0	0	0		1	0.0	0.0		0	0	0	0	0	0	GO(0)	CHASE(3764)
3765	1	S_SKILL_0	3	0	0	0		1	0.0	0.0		0	0	0	0	0	0	GO(0)	CHASE(3765)
3766	1	S_SKILL_0	3	0	0	0		1	0.0	0.0		0	0	0	0	0	0	GO(0)	CHASE(3766)
3767	1	S_SKILL_0	3	0	0	0		1	0.0	0.0		0	0	0	0	0	0	GO(0)	CHASE(3767)
3768	1	S_SKILL_0	3	0	0	0		1	0.0	0.0		0	0	0	0	0	0	GO(0)	CHASE(3768)
3769	1	S_SKILL_0	3	0	0	0		1	0.0	0.0		0	0	0	0	0	0	GO(0)	CHASE(3769)
3770	1	S_SKILL_0	3	0	0	0		1	0.0	0.0		0	0	0	0	0	0	GO(0)	CHASE(3770)
3771	1	S_SKILL_0	3	0	0	0		1	0.0	0.0		0	0	0	0	0	0	GO(0)	CHASE(3771)
3772	1	S_SKILL_0	3	0	0	0		1	0.0	0.0		0	0	0	0	0	0	GO(0)	CHASE(3772)
3773	1	S_SKILL_0	3	0	0	0		1	0.0	0.0		0	0	0	0	0	0	GO(0)	CHASE(3773)
3774	1	S_SKILL_0	3	0	0	0		1	0.0	0.0		0	0	0	0	0	0	GO(0)	CHASE(3774)
3775	1	S_SKILL_0	3	0	0	0		1	0.0	0.0		0	0	0	0	0	0	GO(0)	CHASE(3775)
3776	1	S_SKILL_0	3	0	0	0		1	0.0	0.0		0	0	0	0	0	0	GO(0)	CHASE(3776)
3777	1	S_SKILL_0	3	0	0	0		1	0.0	0.0		0	0	0	0	0	0	GO(0)	CHASE(3777)
3778	1	S_SKILL_0	3	0	0	0		1	0.0	0.0		0	0	0	0	0	0	GO(0)	CHASE(3778)
3779	1	S_SKILL_0	3	0	0	0		1	0.0	0.0		0	0	0	0	0	0	GO(0)	CHASE(3779)
3780	1	S_SKILL_0	3	0	0	0		1	0.0	0.0		0	0	0	0	0	0	GO(0)	CHASE(3780)
3781	1	S_SKILL_0	3	0	0	0		1	0.0	0.0		0	0	0	0	0	0	GO(0)	CHASE(3781)
3782	1	S_SKILL_0	3	0	0	0		1	0.0	0.0		0	0	0	0	0	0	GO(0)	CHASE(3782)
3783	1	S_SKILL_0	3	0	0	0		1	0.0	0.0		0	0	0	0	0	0	GO(0)	CHASE(3783)
3784	1	S_SKILL_0	3	0	0	0		1	0.0	0.0		0	0	0	0	0	0	GO(0)	CHASE(3784)
3785	1	S_SKILL_0	3	0	0	0		1	0.0	0.0		0	0	0	0	0	0	GO(0)	CHASE(3785)
3786	1	S_SKILL_0	3	0	0	0		1	0.0	0.0		0	0	0	0	0	0	GO(0)	CHASE(3786)
3787	1	S_SKILL_0	3	0	0	0		1	0.0	0.0		0	0	0	0	0	0	GO(0)	CHASE(3787)
3788	1	S_SKILL_0	3	0	0	0		1	0.0	0.0		0	0	0	0	0	0	GO(0)	CHASE(3788)
3789	1	S_SKILL_0	3	0	0	0		1	0.0	0.0		0	0	0	0	0	0	GO(0)	CHASE(3789)
3790	1	S_SKILL_0	3	0	0	0		1	0.0	0.0		0	0	0	0	0	0	GO(0)	CHASE(3790)
3791	1	S_SKILL_0	3	0	0	0		1	0.0	0.0		0	0	0	0	0	0	GO(0)	CHASE(3791)
3792	1	S_SKILL_0	3	0	0	0		1	0.0	0.0		0	0	0	0	0	0	GO(0)	CHASE(3792)
3793	1	S_SKILL_0	3	0	0	0		1	0.0	0.0		0	0	0	0	0	0	GO(0)	CHASE(3793)
3794	1	S_SKILL_0	3	0	0	0		1	0.0	0.0		0	0	0	0	0	0	GO(0)	CHASE(3794)
3795	1	S_SKILL_0	3	0	0	0		1	0.0	0.0		0	0	0	0	0	0	GO(0)	CHASE(3795)
3796	1	S_SKILL_0	3	0	0	0		1	0.0	0.0		0	0	0	0	0	0	GO(0)	CHASE(3796)
3797	1	S_SKILL_0	3	0	0	0		1	0.0	0.0		0	0	0	0	0	0	GO(0)	CHASE(3797)
3798	1	S_SKILL_0	3	0	0	0		1	0.0	0.0		0	0	0	0	0	0	GO(0)	CHASE(3798)
3799	1	S_SKILL_0	3	0	0	0		1	0.0	0.0		0	0	0	0	0	0	GO(0)	CHASE(3799)
3800	1	S_SKILL_0	3	0	0	0		1	0.0	0.0		0	0	0	0	0	0	GO(0)	CHASE(3800)
3801	1	S_SKILL_0	3	0	0	0		1	0.0	0.0		0	0	0	0	0	0	GO(0)	CHASE(3801)
3802	1	S_SKILL_0	3	0	0	0		1	0.0	0.0		0	0	0	0	0	0	GO(0)	CHASE(3802)
3803	1	S_SKILL_0	3	0	0	0		1	0.0	0.0		0	0	0	0	0	0	GO(0)	CHASE(3803)
3880	1	S_SKILL_0	3	0	0	0		1	0.0	0.0		0	0	0	0	0	0	GO(0)	CHASE(3880)
3881	1	S_SKILL_0	3	0	0	0		1	0.0	0.0		0	0	0	0	0	0	GO(0)	CHASE(3881)
3882	1	S_SKILL_0	3	0	0	0		1	0.0	0.0		0	0	0	0	0	0	GO(0)	CHASE(3882)
3883	1	S_SKILL_0	3	0	0	0		1	0.0	0.0		0	0	0	0	0	0	GO(0)	CHASE(3883)
3884	1	S_SKILL_0	3	0	0	0		1	0.0	0.0		0	0	0	0	0	0	GO(0)	CHASE(3884)
3885	1	S_SKILL_0	3	0	0	0		1	0.0	0.0		0	0	0	0	0	0	GO(0)	CHASE(3885)
3900	1	S_SKILL_0	3	0	0	0		1	0.0	0.0		0	0	0	0	0	0	GO(0)	CHASE(3900)
3901	1	S_SKILL_0	3	0	0	0		1	0.0	0.0		0	0	0	0	0	0	GO(0)	CHASE(3901)
3902	1	S_SKILL_0	3	0	0	0		1	0.0	0.0		0	0	0	0	0	0	GO(0)	CHASE(3902)
3903	1	S_SKILL_0	3	0	0	0		1	0.0	0.0		0	0	0	0	0	0	GO(0)	CHASE(3903)
3904	1	S_SKILL_0	3	0	0	0		1	0.0	0.0		0	0	0	0	0	0	GO(0)	CHASE(3904)
3905	1	S_SKILL_0	3	0	0	0		1	0.0	0.0		0	0	0	0	0	0	GO(0)	CHASE(3905)
3906	1	S_SKILL_0	3	0	0	0		1	0.0	0.0		0	0	0	0	0	0	GO(0)	CHASE(3906)
3907	1	S_SKILL_0	3	0	0	0		1	0.0	0.0		0	0	0	0	0	0	GO(0)	CHASE(3907)
3908	1	S_SKILL_0	3	0	0	0		1	0.0	0.0		0	0	0	0	0	0	GO(0)	CHASE(3908)
3920	1	S_SKILL_0	3	0	0	0		1	0.0	0.0		0	0	0	0	0	0	GO(0)	CHASE(3920)
3921	1	S_SKILL_0	3	0	0	0		1	0.0	0.0		0	0	0	0	0	0	GO(0)	CHASE(3921)
3922	1	S_SKILL_0	3	0	0	0		1	0.0	0.0		0	0	0	0	0	0	GO(0)	CHASE(3922)
3923	1	S_SKILL_0	3	0	0	0		1	0.0	0.0		0	0	0	0	0	0	GO(0)	CHASE(3923)
3924	1	S_SKILL_0	3	0	0	0		1	0.0	0.0		0	0	0	0	0	0	GO(0)	CHASE(3924)
3925	1	S_SKILL_0	3	0	0	0		1	0.0	0.0		0	0	0	0	0	0	GO(0)	CHASE(3925)
3926	1	S_SKILL_0	3	0	0	0		1	0.0	0.0		0	0	0	0	0	0	GO(0)	CHASE(3926)
3927	1	S_SKILL_0	3	0	0	0		1	0.0	0.0		0	0	0	0	0	0	GO(0)	CHASE(3927)
3928	1	S_SKILL_0	3	0	0	0		1	0.0	0.0		0	0	0	0	0	0	GO(0)	CHASE(3928)
3929	1	S_SKILL_0	3	0	0	0		1	0.0	0.0		0	0	0	0	0	0	GO(0)	CHASE(3929)
5101	1		1	0	0	0		1	0.0	0.0		0	5101	4	0	0	0	GO(0)	CHASE(5101)
5102	1		1	0	0	0		1	0.0	0.0		0	5102	0	0	0	0	GO(0)	CHASE(5102)
5103	1	ICON_Collect_Treasure_008_000	1	0	0	0		1	0.0	0.0		0	5100	4	0	0	0	GO(0)	CHASE(5101)
5104	1		1	0	0	0		1	0.0	0.0		0	5104	0	0	0	0	GO(0)	CHASE(5104)
5105	1		1	0	0	0		1	0.0	0.0		0	5105	0	0	0	0	GO(0)	CHASE(5105)
5106	1		1	0	0	0		1	0.0	0.0		0	5106	0	0	0	0	GO(0)	CHASE(5106)
5108	1		1	0	0	0		1	0.0	0.0		0	5108	0	0	0	0	GO(0)	CHASE(5108)
5122	1		1	0	0	0		1	0.0	0.0		0	116	0	0	0	0	GO(0)	CHASE(5122)
5123	1		1	0	0	0		1	0.0	0.0		0	117	0	0	0	0	GO(0)	CHASE(5123)
5124	1		1	0	0	0		1	0.0	0.0		0	118	0	0	0	0	GO(0)	CHASE(5124)
5125	1		1	0	0	0		1	0.0	0.0		0	119	0	0	0	0	GO(0)	CHASE(5125)
5126	1		2	0	0	0		1	0.0	0.0		0	5109	0	0	0	0	GO(0)	CHASE(5126)
5127	1		2	0	0	0		1	0.0	0.0		0	5110	0	0	0	0	GO(0)	CHASE(5127)
5128	1	IS1200	4	0	0	0		1	0.0	0.0		0	5111	4	0	0	0	GO(0)	CHASE(5128)
5129	1		2	0	0	0		1	0.0	0.0		0	5112	0	0	0	0	GO(0)	CHASE(5129)
5130	1	IB004	2	0	0	0		1	1.0	1.0		0	5113	2	0	0	0	RANGE(5130)	CHASE(5130)
5131	1		2	0	0	0		1	0.0	0.0		0	0	0	0	0	0	GO(0)	CHASE(5131)
5132	1		2	0	0	0		1	0.0	1.0		0	5114	2	0	0	0	GENDER_I(2)\nGENDER_I(1)	CHASE(5132)\nCHASE(5133)
5133	1		2	0	0	0		1	0.0	1.0		0	144	2	0	0	0	GO(0)	CHASE(51330)
5134	1		2	0	0	0		1	0.0	1.0		0	144	0	0	0	0	GO(0)	CHASE(51340)
5137	1		2	0	0	0		1	0.0	0.0		0	5137	0	0	0	0	GO(0)	CHASE(5137)
5138	1		2	0	0	0		1	0.0	0.0		0	5137	0	0	0	0	GO(0)	CHASE(5138)
5139	1		2	0	0	0		1	0.0	0.0		0	5137	0	0	0	0	GO(0)	CHASE(5139)
5140	1		2	0	0	0		1	0.0	0.0		0	5137	0	0	0	0	GO(0)	CHASE(5140)
5141	1		2	0	0	0		1	0.0	0.0		0	5137	0	0	0	0	GO(0)	CHASE(5141)
5142	1		2	0	0	0		1	0.0	0.0		0	5137	0	0	0	0	GO(0)	CHASE(5142)
5143	1		2	0	0	0		1	0.0	0.0		0	5137	0	0	0	0	GO(0)	CHASE(5143)
5144	1		2	0	0	0		1	0.0	0.0		0	5137	0	0	0	0	GO(0)	CHASE(5144)
5145	1		2	0	0	0		1	0.0	0.0		0	5137	0	0	0	0	GO(0)	CHASE(5145)
5146	1		2	0	0	0		1	0.0	0.0		0	5137	0	0	0	0	GO(0)	CHASE(5146)
5147	1		2	0	0	0		1	0.0	0.0		0	5137	0	0	0	0	GO(0)	CHASE(5147)
5155	1		1	0	0	0		1	0.0	0.0		0	5101	4	0	0	0	GO(0)	CHASE(5155)
5156	1		1	0	0	0		1	0.0	0.0		0	5101	4	0	0	0	GO(0)	CHASE(5156)
5157	1		1	0	0	0		1	0.0	0.0		0	5101	4	0	0	0	GO(0)	CHASE(5157)
5158	1		1	0	0	0		1	0.0	0.0		0	5101	4	0	0	0	GO(0)	CHASE(5158)
5159	1		1	0	0	0		1	0.0	0.0		0	0	0	0	0	0	GO(0)	CHASE(5159)
5160	1		2	0	0	0		1	0.0	1.0		0	144	4	0	0	0	RANGE(5160)	CHASE(5160)
5161	1		2	0	0	0		1	0.0	1.0		0	144	4	0	0	0	RANGE(5161)	CHASE(5161)
5162	1		1	0	0	0		1	0.0	0.0		0	5102	0	0	0	0	GO(0)	CHASE(5162)
5163	1		1	0	0	0		1	0.0	0.0		0	5102	0	0	0	0	GO(0)	CHASE(5163)
6601	1		1	0	0	0		1	0.0	0.0		0	110	0	0	0	0	GO(0)	CHASE(6601)
6602	1		1	0	0	0		1	0.0	0.0		0	110	0	0	0	0	GO(0)	CHASE(6602)
6603	1		1	0	0	0		1	0.0	0.0		0	110	0	0	0	0	GO(0)	CHASE(6603)
6604	1		1	0	0	0		1	0.0	0.0		0	110	0	0	0	0	GO(0)	CHASE(6604)
6605	1		1	0	0	0		1	0.0	0.0		0	110	0	0	0	0	GO(0)	CHASE(6605)
6606	1		1	0	0	0		1	0.0	0.0		0	110	0	0	0	0	GO(0)	CHASE(6606)
6607	1		1	0	0	0		1	0.0	0.0		0	110	0	0	0	0	GO(0)	CHASE(6607)
6608	1		1	0	0	0		1	0.0	0.0		0	110	0	0	0	0	GO(0)	CHASE(6608)
6609	1		1	0	0	0		1	0.0	0.0		0	110	0	0	0	0	GO(0)	CHASE(6609)
6610	1		1	0	0	0		1	0.0	0.0		0	110	0	0	0	0	GO(0)	CHASE(6610)
6611	1		1	0	0	0		1	0.0	0.0		0	110	0	0	0	0	GO(0)	CHASE(6611)
6612	1		1	0	0	0		1	0.0	0.0		0	110	0	0	0	0	GO(0)	CHASE(6612)
6613	1		1	0	0	0		1	0.0	0.0		0	110	0	0	0	0	GO(0)	CHASE(6613)
6614	1		1	0	0	0		1	0.0	0.0		0	110	0	0	0	0	GO(0)	CHASE(6614)
6615	1		1	0	0	0		1	0.0	0.0		0	110	0	0	0	0	GO(0)	CHASE(6615)
6616	1		1	0	0	0		1	0.0	0.0		0	110	0	0	0	0	GO(0)	CHASE(6616)
6617	1		1	0	0	0		1	0.0	0.0		0	110	0	0	0	0	GO(0)	CHASE(6617)
6618	1		1	0	0	0		1	0.0	0.0		0	104	0	0	0	0	GO(0)	CHASE(6618)
6619	1		1	0	0	0		1	0.0	0.0		0	104	0	0	0	0	GO(0)	CHASE(6619)
6620	1		1	0	0	0		1	0.0	0.0		0	104	0	0	0	0	GO(0)	CHASE(6620)
6621	1		1	0	0	0		1	0.0	0.0		0	104	0	0	0	0	GO(0)	CHASE(6621)
6622	1		1	0	0	0		1	0.0	0.0		0	104	0	0	0	0	GO(0)	CHASE(6622)
6623	1		1	0	0	0		1	0.0	0.0		0	104	0	0	0	0	GO(0)	CHASE(6623)
6624	1		1	0	0	0		1	0.0	0.0		0	104	0	0	0	0	GO(0)	CHASE(6624)
6625	1		1	0	0	0		1	0.0	0.0		0	104	0	0	0	0	GO(0)	CHASE(6625)
6626	1		1	0	0	0		1	0.0	0.0		0	104	0	0	0	0	GO(0)	CHASE(6626)
6627	1		1	0	0	0		1	0.0	0.0		0	104	0	0	0	0	GO(0)	CHASE(6627)
6628	1		1	0	0	0		1	0.0	0.0		0	104	0	0	0	0	GO(0)	CHASE(6628)
6629	1		1	0	0	0		1	0.0	0.0		0	104	0	0	0	0	GO(0)	CHASE(6629)
6630	1		1	0	0	0		1	0.0	0.0		0	104	0	0	0	0	GO(0)	CHASE(6630)
6631	1		1	0	0	0		1	0.0	0.0		0	104	0	0	0	0	GO(0)	CHASE(6631)
6632	1		1	0	0	0		1	0.0	0.0		0	104	0	0	0	0	GO(0)	CHASE(6632)
6633	1		1	0	0	0		1	0.0	0.0		0	138	0	0	0	0	GO(0)	CHASE(6633)
6634	1		1	0	0	0		1	0.0	0.0		0	138	0	0	0	0	GO(0)	CHASE(6634)
6635	1		1	0	0	0		1	0.0	0.0		0	138	0	0	0	0	GO(0)	CHASE(6635)
6636	1		1	0	0	0		1	0.0	0.0		0	138	0	0	0	0	GO(0)	CHASE(6636)
6637	1		1	0	0	0		1	0.0	0.0		0	138	0	0	0	0	GO(0)	CHASE(6637)
6638	1		1	0	0	0		1	0.0	0.0		0	139	0	0	0	0	GO(0)	CHASE(6638)
6639	1		1	0	0	0		1	0.0	0.0		0	139	0	0	0	0	GO(0)	CHASE(6639)
6640	1		1	0	0	0		1	0.0	0.0		0	139	0	0	0	0	GO(0)	CHASE(6640)
6641	1		1	0	0	0		1	0.0	0.0		0	140	0	0	0	0	GO(0)	CHASE(6641)
6642	1		1	0	0	0		1	0.0	0.0		0	140	0	0	0	0	GO(0)	CHASE(6642)
6643	1		1	0	0	0		1	0.0	0.0		0	140	0	0	0	0	GO(0)	CHASE(6643)
6644	1		1	0	0	0		1	0.0	0.0		0	141	0	0	0	0	GO(0)	CHASE(6644)
6645	1		1	0	0	0		1	0.0	0.0		0	141	0	0	0	0	GO(0)	CHASE(6645)
6646	1		1	0	0	0		1	0.0	0.0		0	141	0	0	0	0	GO(0)	CHASE(6646)
6647	1		1	0	0	0		1	0.0	0.0		0	142	0	0	0	0	GO(0)	CHASE(6647)
6648	1		1	0	0	0		1	0.0	0.0		0	142	0	0	0	0	GO(0)	CHASE(6648)
6649	1		1	0	0	0		1	0.0	0.0		0	142	0	0	0	0	GO(0)	CHASE(6649)
6650	1		1	0	0	0		1	0.0	0.0		0	110	0	0	0	0	GO(0)	CHASE(6650)
6651	1		1	0	0	0		1	0.0	0.0		0	110	0	0	0	0	GO(0)	CHASE(6651)
6652	1		1	0	0	0		1	0.0	0.0		0	110	0	0	0	0	GO(0)	CHASE(6652)
6653	1		1	0	0	0		1	0.0	0.0		0	110	0	0	0	0	GO(0)	CHASE(6653)
6654	1		1	0	0	0		1	0.0	0.0		0	110	0	0	0	0	GO(0)	CHASE(6654)
6655	1		1	0	0	0		1	0.0	0.0		0	110	0	0	0	0	GO(0)	CHASE(6655)
6656	1		1	0	0	0		1	0.0	0.0		0	110	0	0	0	0	GO(0)	CHASE(6656)
6657	1		1	0	0	0		1	0.0	0.0		0	110	0	0	0	0	GO(0)	CHASE(6657)
6658	1		1	0	0	0		1	0.0	0.0		0	110	0	0	0	0	GO(0)	CHASE(6658)
6659	1		1	0	0	0		1	0.0	0.0		0	110	0	0	0	0	GO(0)	CHASE(6659)
6660	1		1	0	0	0		1	0.0	0.0		0	110	0	0	0	0	GO(0)	CHASE(6660)
6661	1		1	0	0	0		1	0.0	0.0		0	110	0	0	0	0	GO(0)	CHASE(6661)
6662	1		1	0	0	0		1	0.0	0.0		0	110	0	0	0	0	GO(0)	CHASE(6662)
6663	1		1	0	0	0		1	0.0	0.0		0	110	0	0	0	0	GO(0)	CHASE(6663)
6664	1		1	0	0	0		1	0.0	0.0		0	110	0	0	0	0	GO(0)	CHASE(6664)
6665	1		1	0	0	0		1	0.0	0.0		0	110	0	0	0	0	GO(0)	CHASE(6665)
6666	1		1	0	0	0		1	0.0	0.0		0	110	0	0	0	0	GO(0)	CHASE(6666)
6667	1		1	0	0	0		1	0.0	0.0		0	110	0	0	0	0	GO(0)	CHASE(6667)
6668	1		1	0	0	0		1	0.0	0.0		0	110	0	0	0	0	GO(0)	CHASE(6668)
6669	1		1	0	0	0		1	0.0	0.0		0	110	0	0	0	0	GO(0)	CHASE(6669)
6670	1		1	0	0	0		1	0.0	0.0		0	110	0	0	0	0	GO(0)	CHASE(6670)
6671	1		1	0	0	0		1	0.0	0.0		0	110	0	0	0	0	GO(0)	CHASE(6671)
6672	1		1	0	0	0		1	0.0	0.0		0	110	0	0	0	0	GO(0)	CHASE(6672)
6673	1		1	0	0	0		1	0.0	0.0		0	110	0	0	0	0	GO(0)	CHASE(6673)
6674	1		1	0	0	0		1	0.0	0.0		0	110	0	0	0	0	GO(0)	CHASE(6674)
6675	1		1	0	0	0		1	0.0	0.0		0	110	0	0	0	0	GO(0)	CHASE(6675)
6676	1		1	0	0	0		1	0.0	0.0		0	110	0	0	0	0	GO(0)	CHASE(6676)
6677	1		1	0	0	0		1	0.0	0.0		0	110	0	0	0	0	GO(0)	CHASE(6677)
6678	1		1	0	0	0		1	0.0	0.0		0	110	0	0	0	0	GO(0)	CHASE(6678)
6679	1		1	0	0	0		1	0.0	0.0		0	110	0	0	0	0	GO(0)	CHASE(6679)
7000	1	IS1040	4	0	0	0		1	0.0	0.0		0	7000	0	0	0	0	GO(0)	CHASE(7000)
7001	1	IS1010	4	0	0	0		1	0.0	0.0		0	7001	0	0	0	0	GO(0)	CHASE(7001)
7002	1	IS1040	4	0	0	0		1	0.0	0.0		0	7000	0	0	0	0	GO(0)	CHASE(7002)
7003	1	IS1040	4	0	0	0		1	0.0	0.0		0	7000	0	0	0	0	GO(0)	CHASE(7003)
7004	1	IS1040	4	0	0	0		1	0.0	0.0		0	7002	0	0	0	0	GO(0)	CHASE(7004)
7005	1	IS1010	4	0	0	0		1	0.0	0.0		0	7003	0	0	0	0	GO(0)	CHASE(7005)
7006	1	IS000	4	0	0	0		1	0.0	0.0		0	7006	0	0	0	0	GO(0)	CHASE(7006)
7007	1	IS120	4	0	0	0		1	0.0	0.0		0	7007	4	0	0	0	GO(0)	CHASE(7007)
7008	1	IS1010	4	0	0	0		1	0.0	0.0		0	7008	0	0	0	0	GO(0)	CHASE(7008)
7009	1	IS120	4	0	0	0		1	0.0	0.0		0	7009	0	0	0	0	GO(0)	CHASE(7009)
7010	1	IS1200	4	0	0	0		1	0.0	0.0		0	7010	0	0	0	0	GO(0)	CHASE(7010)
7011	1	IS1211	4	0	0	0		1	0.0	0.0		0	7011	4	0	0	0	GO(0)	CHASE(7011)
7012	1	IS1200	4	0	0	0		1	0.0	0.0		0	7012	0	0	0	0	GO(0)	CHASE(7012)
7013	1	IS120	4	0	0	0		1	0.0	0.0		0	7013	0	0	0	0	GO(0)	CHASE(7013)
7014	1	IS1200	4	0	0	0		1	0.0	0.0		0	7014	0	0	0	0	GO(0)	CHASE(7014)
7015	1	IS161	4	0	0	0		1	0.0	0.0		0	7015	0	0	0	0	GO(0)	CHASE(7015)
7016	1	IS1211	4	0	0	0		1	0.0	0.0		0	7016	4	0	0	0	GO(0)	CHASE(7016)
7017	1	IS1040	4	0	0	0		1	0.0	0.0		0	7017	0	0	0	0	GO(0)	CHASE(7017)
7018	1	IB010	4	0	0	0		1	0.0	0.0		0	7018	0	0	0	0	GO(0)	CHASE(7018)
7019	1	I_STR1_1	4	0	0	0		1	0.0	0.0		0	7019	0	0	0	0	GO(0)	CHASE(7019)
7020	1	IS1200	4	0	0	0		1	0.0	0.0		0	7020	0	0	0	0	GO(0)	CHASE(7020)
7021	1	IS1211	4	0	0	0		1	0.0	0.0		0	7021	4	0	0	0	GO(0)	CHASE(7021)
7022	1	IS1040	4	0	0	0		1	0.0	0.0		0	7022	0	0	0	0	GO(0)	CHASE(7022)
7023	1	IS120	4	0	0	0		1	0.0	0.0		0	7023	0	0	0	0	GO(0)	CHASE(7023)
7024	1	IS120	4	0	0	0		1	0.0	0.0		0	7024	0	0	0	0	GO(0)	CHASE(7024)
7025	1	ICON_Collect_Treasure_034_000	4	0	0	0		1	0.0	0.0		0	1	0	0	0	0	GO(0)	CHASE(7025)
7101	1	S_SKILL_0	3	0	0	0		1	0.0	0.0		0	1	1	0	0	0	RANGE(7101)	CHASE(7101)
7102	1	S_SKILL_0	3	0	0	0		1	0.0	0.0		0	1	1	0	0	0	RANGE(7102)	CHASE(7102)
7103	1	S_SKILL_0	3	0	0	0		1	0.0	0.0		0	1	1	0	0	0	RANGE(7103)	CHASE(7103)
7104	1	S_SKILL_0	3	0	0	0		1	0.0	0.0		0	1	1	0	0	0	RANGE(7104)	CHASE(7104)
7105	1	S_SKILL_0	3	0	0	0		1	0.0	0.0		0	1	1	0	0	0	RANGE(7105)	CHASE(7105)
7111	1	S_SKILL_0	3	0	0	0		1	0.0	0.0		0	1	1	64	0	0	RANGE(7111)	CHASE(7111)
7112	1	S_SKILL_0	3	0	0	0		1	0.0	0.0		0	1	1	64	0	0	RANGE(7112)	CHASE(7112)
7113	1	S_SKILL_0	3	0	0	0		1	0.0	0.0		0	1	1	64	0	0	RANGE(7113)	CHASE(7113)
7114	1	S_SKILL_0	3	0	0	0		1	0.0	0.0		0	1	1	64	0	0	RANGE(7114)	CHASE(7114)
7115	1	S_SKILL_0	3	0	0	0		1	0.0	0.0		0	1	2	64	0	0	RANGE(7115)	CHASE(7115)
7121	1	S_SKILL_0	3	0	0	0		1	0.0	0.0		0	1	1	16	0	0	RANGE(7121)	CHASE(7121)
7122	1	S_SKILL_0	3	0	0	0		1	0.0	0.0		0	1	1	16	0	0	RANGE(7122)	CHASE(7122)
7123	1	S_SKILL_0	3	0	0	0		1	0.0	0.0		0	1	1	16	0	0	RANGE(7123)	CHASE(7123)
7124	1	S_SKILL_0	3	0	0	0		1	0.0	0.0		0	1	1	16	0	0	RANGE(7124)	CHASE(7124)
7125	1	S_SKILL_0	3	0	0	0		1	0.0	0.0		0	1	1	0	0	0	RANGE(7125)	CHASE(7125)
7130	1	S_SKILL_0	3	0	0	0		1	0.0	0.0		0	1	1	0	0	0	RANGE(7130)	CHASE(7130)
7131	1	S_SKILL_0	3	0	0	0		1	0.0	0.0		0	1	1	0	0	0	RANGE(7131)	CHASE(7131)
7132	1	S_SKILL_0	3	0	0	0		1	0.0	0.0		0	1	1	0	0	0	RANGE(7132)	CHASE(7132)
7133	1	S_SKILL_0	3	0	0	0		1	0.0	0.0		0	1	1	0	0	0	RANGE(7133)	CHASE(7133)
7134	1	S_SKILL_0	3	0	0	0		1	0.0	0.0		0	1	1	0	0	0	RANGE(7134)	CHASE(7134)
7135	1	S_SKILL_0	3	0	0	0		1	0.0	0.0		0	1	1	0	0	0	RANGE(7135)	CHASE(7135)
7136	1	S_SKILL_0	3	0	0	0		1	0.0	0.0		0	1	1	0	0	0	RANGE(7136)	CHASE(7136)
7140	1	S_SKILL_0	3	0	0	0		1	0.0	0.0		0	1	1	0	0	0	RANGE(7140)	CHASE(7140)
7141	1	S_SKILL_0	3	0	0	0		1	0.0	0.0		0	1	1	0	0	0	RANGE(7141)	CHASE(7141)
7142	1	S_SKILL_0	3	0	0	0		1	0.0	0.0		0	1	1	0	0	0	RANGE(7142)	CHASE(7142)
7143	1	S_SKILL_0	3	0	0	0		1	0.0	0.0		0	1	1	0	0	0	RANGE(7143)	CHASE(7143)
7144	1	S_SKILL_0	3	0	0	0		1	0.0	0.0		0	1	1	0	0	0	RANGE(7144)	CHASE(7144)
7150	1	S_SKILL_0	3	0	0	0		1	0.0	0.0		0	1	1	0	0	0	RANGE(7150)	CHASE(7150)
7151	1	S_SKILL_0	3	0	0	0		1	0.0	0.0		0	1	1	0	0	0	RANGE(7151)	CHASE(7151)
7152	1	S_SKILL_0	3	0	0	0		1	0.0	0.0		0	1	1	0	0	0	RANGE(7152)	CHASE(7152)
7153	1	S_SKILL_0	3	0	0	0		1	0.0	0.0		0	1	1	0	0	0	RANGE(7153)	CHASE(7153)
7154	1	S_SKILL_0	3	0	0	0		1	0.0	0.0		0	1	1	0	0	0	RANGE(7154)	CHASE(7154)
7160	1	S_SKILL_0	3	0	0	0		1	0.0	0.0		0	1	1	0	0	0	RANGE(7160)	CHASE(7160)
7161	1	S_SKILL_0	3	0	0	0		1	0.0	0.0		0	1	1	0	0	0	RANGE(7161)	CHASE(7161)
7162	1	S_SKILL_0	3	0	0	0		1	0.0	0.0		0	1	1	0	0	0	RANGE(7162)	CHASE(7162)
7163	1	S_SKILL_0	3	0	0	0		1	0.0	0.0		0	1	1	0	0	0	RANGE(7163)	CHASE(7163)
7164	1	S_SKILL_0	3	0	0	0		1	0.0	0.0		0	1	1	0	0	0	RANGE(7164)	CHASE(7164)
7170	1	S_SKILL_0	3	0	0	0		1	0.0	0.0		0	1	1	0	0	0	RANGE(7170)	CHASE(7170)
7171	1	S_SKILL_0	3	0	0	0		1	0.0	0.0		0	1	1	0	0	0	RANGE(7171)	CHASE(7171)
7172	1	S_SKILL_0	3	0	0	0		1	0.0	0.0		0	1	1	0	0	0	RANGE(7172)	CHASE(7172)
7173	1	S_SKILL_0	3	0	0	0		1	0.0	0.0		0	1	1	0	0	0	RANGE(7173)	CHASE(7173)
7174	1	S_SKILL_0	3	0	0	0		1	0.0	0.0		0	1	1	0	0	0	RANGE(7174)	CHASE(7174)
7180	1	S_SKILL_0	3	0	0	0		1	0.0	0.0		0	1	1	0	0	0	RANGE(7180)	CHASE(7180)
7181	1	S_SKILL_0	3	0	0	0		1	0.0	0.0		0	1	1	0	0	0	RANGE(7181)	CHASE(7181)
7182	1	S_SKILL_0	3	0	0	0		1	0.0	0.0		0	1	1	0	0	0	RANGE(7182)	CHASE(7182)
7183	1	S_SKILL_0	3	0	0	0		1	0.0	0.0		0	1	1	0	0	0	RANGE(7183)	CHASE(7183)
7184	1	S_SKILL_0	3	0	0	0		1	0.0	0.0		0	1	1	0	0	0	RANGE(7184)	CHASE(7184)
7190	1	S_SKILL_0	3	0	0	0		1	0.0	0.0		0	1	1	0	0	0	RANGE(7190)	CHASE(7190)
7191	1	S_SKILL_0	3	0	0	0		1	0.0	0.0		0	1	1	0	0	0	RANGE(7191)	CHASE(7191)
7192	1	S_SKILL_0	3	0	0	0		1	0.0	0.0		0	1	1	0	0	0	RANGE(7192)	CHASE(7192)
7193	1	S_SKILL_0	3	0	0	0		1	0.0	0.0		0	1	1	0	0	0	RANGE(7193)	CHASE(7193)
7194	1	S_SKILL_0	3	0	0	0		1	0.0	0.0		0	1	1	0	0	0	RANGE(7194)	CHASE(7194)
7200	1	S_SKILL_0	3	0	0	0		1	0.0	0.0		0	1	1	0	0	0	RANGE(7200)	CHASE(7200)
7201	1	S_SKILL_0	3	0	0	0		1	0.0	0.0		0	1	1	0	0	0	RANGE(7201)	CHASE(7201)
7202	1	S_SKILL_0	3	0	0	0		1	0.0	0.0		0	1	1	0	0	0	RANGE(7202)	CHASE(7202)
7203	1	S_SKILL_0	3	0	0	0		1	0.0	0.0		0	1	1	0	0	0	RANGE(7203)	CHASE(7203)
7204	1	S_SKILL_0	3	0	0	0		1	0.0	0.0		0	1	1	0	0	0	RANGE(7204)	CHASE(7204)
7210	1	S_SKILL_0	3	0	0	0		1	0.0	0.0		0	1	1	0	0	0	RANGE(7210)	CHASE(7210)
7211	1	S_SKILL_0	3	0	0	0		1	0.0	0.0		0	1	1	0	0	0	RANGE(7211)	CHASE(7211)
7212	1	S_SKILL_0	3	0	0	0		1	0.0	0.0		0	1	2	0	0	0	RANGE(7212)	CHASE(7212)
7213	1	S_SKILL_0	3	0	0	0		1	0.0	0.0		0	1	2	0	0	0	RANGE(7213)	CHASE(7213)
7214	1	S_SKILL_0	3	0	0	0		1	0.0	0.0		0	1	1	0	0	0	RANGE(7214)	CHASE(7214)
7215	1	S_SKILL_0	3	0	0	0		1	0.0	0.0		0	1	1	0	0	0	RANGE(7215)	CHASE(7215)
7216	1	S_SKILL_0	3	0	0	0		1	0.0	0.0		0	1	1	0	0	0	RANGE(7216)	CHASE(7216)
7217	1	S_SKILL_0	3	0	0	0		1	0.0	0.0		0	1	1	0	0	0	RANGE(7217)	CHASE(7217)
7218	1	S_SKILL_0	3	0	0	0		1	0.0	0.0		0	1	1	0	0	0	RANGE(7218)	CHASE(7218)
7219	1	S_SKILL_0	3	0	0	0		1	0.0	0.0		0	1	1	0	0	0	RANGE(7219)	CHASE(7219)
7220	1	S_SKILL_0	3	0	0	0		1	0.0	0.0		0	1	1	0	0	0	RANGE(7220)	CHASE(7220)
7221	1	S_SKILL_0	3	0	0	0		1	0.0	0.0		0	1	1	64	0	0	RANGE(7221)	CHASE(7221)
7222	1	S_SKILL_0	3	0	0	0		1	0.0	0.0		0	1	1	64	0	0	RANGE(7222)	CHASE(7222)
7223	1	S_SKILL_0	3	0	0	0		1	0.0	0.0		0	1	1	64	0	0	RANGE(7223)	CHASE(7223)
7224	1	S_SKILL_0	3	0	0	0		1	0.0	0.0		0	1	1	64	0	0	RANGE(7224)	CHASE(7224)
7225	1	S_SKILL_0	3	0	0	0		1	0.0	0.0		0	1	2	64	0	0	RANGE(7225)	CHASE(7225)
7497	1		2	0	0	0		1	0.0	0.0		0	107	0	0	0	0	BUFF_I(1,0,1)\nCANRIDE(1)\nGO(0)	SKIP(745)\nCHASE(7497)\nSKIP(669)
7498	1		2	0	0	0		1	0.0	0.0		0	107	0	0	0	0	BUFF_I(1,0,1)\nCANRIDE(1)\nGO(0)	SKIP(745)\nCHASE(7498)\nSKIP(669)
7499	1		2	0	0	0		1	0.0	0.0		0	107	0	0	0	0	BUFF_I(1,0,1)\nCANRIDE(1)\nGO(0)	SKIP(745)\nCHASE(7499)\nSKIP(669)
7500	1		2	0	0	0		1	0.0	0.0		0	107	0	0	0	0	BUFF_I(1,0,1)\nCANRIDE(1)\nGO(0)	SKIP(745)\nCHASE(7500)\nSKIP(669)
7501	1		2	0	0	0		1	0.0	0.0		0	107	0	0	0	0	BUFF_I(1,0,1)\nCANRIDE(1)\nGO(0)	SKIP(745)\nCHASE(7501)\nSKIP(669)
7502	1		2	0	0	0		1	0.0	0.0		0	107	0	0	0	0	BUFF_I(1,0,1)\nCANRIDE(1)\nGO(0)	SKIP(745)\nCHASE(7502)\nSKIP(669)
7503	1		2	0	0	0		1	0.0	0.0		0	107	0	0	0	0	BUFF_I(1,0,1)\nCANRIDE(1)\nGO(0)	SKIP(745)\nCHASE(7503)\nSKIP(669)
7504	1		2	0	0	0		1	0.0	0.0		0	107	0	0	0	0	BUFF_I(1,0,1)\nCANRIDE(1)\nGO(0)	SKIP(745)\nCHASE(7504)\nSKIP(669)
7505	1		2	0	0	0		1	0.0	0.0		0	107	0	0	0	0	BUFF_I(1,0,1)\nCANRIDE(1)\nGO(0)	SKIP(745)\nCHASE(7505)\nSKIP(669)
7506	1		2	0	0	0		1	0.0	0.0		0	107	0	0	0	0	BUFF_I(1,0,1)\nCANRIDE(1)\nGO(0)	SKIP(745)\nCHASE(7506)\nSKIP(669)
7507	1		2	0	0	0		1	0.0	0.0		0	107	0	0	0	0	BUFF_I(1,0,1)\nCANRIDE(1)\nGO(0)	SKIP(745)\nCHASE(7507)\nSKIP(669)
7511	1		2	0	0	0		1	0.0	0.0		0	107	0	0	0	0	GO(0)	CHASE(7511)
7512	1		2	0	0	0		1	0.0	0.0		0	107	0	0	0	0	GO(0)	CHASE(7512)
7513	1		2	0	0	0		1	0.0	0.0		0	107	0	0	0	0	GO(0)	CHASE(7513)
7514	1		2	0	0	0		1	0.0	0.0		0	107	0	0	0	0	GO(0)	CHASE(7514)
7515	1		2	0	0	0		1	0.0	0.0		0	107	0	0	0	0	GO(0)	CHASE(7515)
7521	1		2	0	0	0		1	0.0	0.0		0	107	0	0	0	0	BUFF_I(1,0,1)\nCANRIDE(1)\nGO(0)	SKIP(745)\nCHASE(7521)\nSKIP(669)
7522	1		2	0	0	0		1	0.0	0.0		0	107	0	0	0	0	BUFF_I(1,0,1)\nCANRIDE(1)\nGO(0)	SKIP(745)\nCHASE(7522)\nSKIP(669)
7523	1		2	0	0	0		1	0.0	0.0		0	107	0	0	0	0	BUFF_I(1,0,1)\nCANRIDE(1)\nGO(0)	SKIP(745)\nCHASE(7523)\nSKIP(669)
7524	1		2	0	0	0		1	0.0	0.0		0	107	0	0	0	0	BUFF_I(1,0,1)\nCANRIDE(1)\nGO(0)	SKIP(745)\nCHASE(7524)\nSKIP(669)
7525	1		2	0	0	0		1	0.0	0.0		0	107	0	0	0	0	BUFF_I(1,0,1)\nCANRIDE(1)\nGO(0)	SKIP(745)\nCHASE(7525)\nSKIP(669)
7526	1		2	0	0	0		1	0.0	0.0		0	107	0	0	0	0	BUFF_I(1,0,1)\nCANRIDE(1)\nGO(0)	SKIP(745)\nCHASE(7526)\nSKIP(669)
7527	1		2	0	0	0		1	0.0	0.0		0	107	0	0	0	0	BUFF_I(1,0,1)\nCANRIDE(1)\nGO(0)	SKIP(745)\nCHASE(7527)\nSKIP(669)
7528	1		2	0	0	0		1	0.0	0.0		0	107	0	0	0	0	BUFF_I(1,0,1)\nCANRIDE(1)\nGO(0)	SKIP(745)\nCHASE(7528)\nSKIP(669)
7529	1		2	0	0	0		1	0.0	0.0		0	107	0	0	0	0	BUFF_I(1,0,1)\nCANRIDE(1)\nGO(0)	SKIP(745)\nCHASE(7529)\nSKIP(669)
7551	1		2	0	0	0		1	0.0	0.0		0	107	0	0	0	0	BUFF_I(1,0,1)\nCANRIDE(1)\nGO(0)	SKIP(745)\nCHASE(7551)\nSKIP(669)
7552	1		2	0	0	0		1	0.0	0.0		0	107	0	0	0	0	BUFF_I(1,0,1)\nCANRIDE(1)\nGO(0)	SKIP(745)\nCHASE(7552)\nSKIP(669)
7553	1		2	0	0	0		1	0.0	0.0		0	107	0	0	0	0	BUFF_I(1,0,1)\nCANRIDE(1)\nGO(0)	SKIP(745)\nCHASE(7553)\nSKIP(669)
7554	1		2	0	0	0		1	0.0	0.0		0	107	0	0	0	0	BUFF_I(1,0,1)\nCANRIDE(1)\nGO(0)	SKIP(745)\nCHASE(7554)\nSKIP(669)
7559	1		2	0	0	0		1	0.0	0.0		0	107	0	0	0	0	BUFF_I(1,0,1)\nCANRIDE(1)\nGO(0)	SKIP(745)\nCHASE(7559)\nSKIP(669)
7560	1		2	0	0	0		1	0.0	0.0		0	107	0	0	0	0	BUFF_I(1,0,1)\nCANRIDE(1)\nGO(0)	SKIP(745)\nCHASE(7560)\nSKIP(669)
7600	1		2	0	0	0		1	0.0	0.0		0	5109	0	0	0	0	BUFF_I(1,0,1)\nDUNGEON(0)\nGO(0)	SKIP(745)\nCHASE(7600)\nSKIP(669)
7601	1		2	0	0	0		1	0.0	0.0		0	5109	0	0	0	0	BUFF_I(1,0,1)\nDUNGEON(0)\nGO(0)	SKIP(745)\nCHASE(7601)\nSKIP(669)
7602	1		2	0	0	0		1	0.0	0.0		0	5109	0	0	0	0	BUFF_I(1,0,1)\nDUNGEON(0)\nGO(0)	SKIP(745)\nCHASE(7602)\nSKIP(669)
7603	1		2	0	0	0		1	0.0	0.0		0	5109	0	0	0	0	BUFF_I(1,0,1)\nDUNGEON(0)\nGO(0)	SKIP(745)\nCHASE(7603)\nSKIP(669)
7604	1		2	0	0	0		1	0.0	0.0		0	5109	0	0	0	0	BUFF_I(1,0,1)\nDUNGEON(0)\nGO(0)	SKIP(745)\nCHASE(7604)\nSKIP(669)
7605	1		2	0	0	0		1	0.0	0.0		0	5109	0	0	0	0	BUFF_I(1,0,1)\nDUNGEON(0)\nGO(0)	SKIP(745)\nCHASE(7605)\nSKIP(669)
7606	1		2	0	0	0		1	0.0	0.0		0	110	0	0	0	0	BUFF_I(1,0,1)\nDUNGEON(0)\nGO(0)	SKIP(745)\nCHASE(7606)\nSKIP(669)
7607	1		2	0	0	0		1	0.0	0.0		0	110	0	0	0	0	BUFF_I(1,0,1)\nDUNGEON(0)\nGO(0)	SKIP(745)\nCHASE(7607)\nSKIP(669)
7608	1		2	0	0	0		1	0.0	0.0		0	110	0	0	0	0	BUFF_I(1,0,1)\nDUNGEON(0)\nGO(0)	SKIP(745)\nCHASE(7608)\nSKIP(669)
7609	1		2	0	0	0		1	0.0	0.0		0	110	0	0	0	0	BUFF_I(1,0,1)\nDUNGEON(0)\nGO(0)	SKIP(745)\nCHASE(7609)\nSKIP(669)
7610	1		2	0	0	0		1	0.0	0.0		0	110	0	0	0	0	BUFF_I(1,0,1)\nDUNGEON(0)\nGO(0)	SKIP(745)\nCHASE(7610)\nSKIP(669)
7611	1		2	0	0	0		1	0.0	0.0		0	110	0	0	0	0	BUFF_I(1,0,1)\nDUNGEON(0)\nGO(0)	SKIP(745)\nCHASE(7611)\nSKIP(669)
7612	1		2	0	0	0		1	0.0	0.0		0	110	0	0	0	0	BUFF_I(1,0,1)\nDUNGEON(0)\nGO(0)	SKIP(745)\nCHASE(7612)\nSKIP(669)
7613	1		2	0	0	0		1	0.0	0.0		0	110	0	0	0	0	BUFF_I(1,0,1)\nDUNGEON(0)\nGO(0)	SKIP(745)\nCHASE(7613)\nSKIP(669)
7614	1		2	0	0	0		1	0.0	0.0		0	110	0	0	0	0	BUFF_I(1,0,1)\nDUNGEON(0)\nGO(0)	SKIP(745)\nCHASE(7614)\nSKIP(669)
7615	1		2	0	0	0		1	0.0	0.0		0	110	0	0	0	0	BUFF_I(1,0,1)\nDUNGEON(0)\nGO(0)	SKIP(745)\nCHASE(7615)\nSKIP(669)
7616	1		2	0	0	0		1	0.0	0.0		0	110	0	0	0	0	BUFF_I(1,0,1)\nDUNGEON(0)\nGO(0)	SKIP(745)\nCHASE(7616)\nSKIP(669)
7617	1		2	0	0	0		1	0.0	0.0		0	110	0	0	0	0	BUFF_I(1,0,1)\nDUNGEON(0)\nGO(0)	SKIP(745)\nCHASE(7617)\nSKIP(669)
7618	1		2	0	0	0		1	0.0	0.0		0	110	0	0	0	0	BUFF_I(1,0,1)\nDUNGEON(0)\nGO(0)	SKIP(745)\nCHASE(7618)\nSKIP(669)
7619	1		2	0	0	0		1	0.0	0.0		0	110	0	0	0	0	BUFF_I(1,0,1)\nDUNGEON(0)\nGO(0)	SKIP(745)\nCHASE(7619)\nSKIP(669)
7620	1		2	0	0	0		1	0.0	0.0		0	110	0	0	0	0	BUFF_I(1,0,1)\nDUNGEON(0)\nGO(0)	SKIP(745)\nCHASE(7620)\nSKIP(669)
7621	1		2	0	0	0		1	0.0	0.0		0	110	0	0	0	0	BUFF_I(1,0,1)\nDUNGEON(0)\nGO(0)	SKIP(745)\nCHASE(7621)\nSKIP(669)
7622	1		2	0	0	0		1	0.0	0.0		0	110	0	0	0	0	BUFF_I(1,0,1)\nDUNGEON(0)\nGO(0)	SKIP(745)\nCHASE(7622)\nSKIP(669)
7623	1		2	0	0	0		1	0.0	0.0		0	110	0	0	0	0	BUFF_I(1,0,1)\nDUNGEON(0)\nGO(0)	SKIP(745)\nCHASE(7623)\nSKIP(669)
7624	1		2	0	0	0		1	0.0	0.0		0	110	0	0	0	0	BUFF_I(1,0,1)\nDUNGEON(0)\nGO(0)	SKIP(745)\nCHASE(7624)\nSKIP(669)
7625	1		2	0	0	0		1	0.0	0.0		0	110	0	0	0	0	BUFF_I(1,0,1)\nDUNGEON(0)\nGO(0)	SKIP(745)\nCHASE(7625)\nSKIP(669)
7626	1		2	0	0	0		1	0.0	0.0		0	110	0	0	0	0	BUFF_I(1,0,1)\nDUNGEON(0)\nGO(0)	SKIP(745)\nCHASE(7626)\nSKIP(669)
7627	1		2	0	0	0		1	0.0	0.0		0	110	0	0	0	0	BUFF_I(1,0,1)\nDUNGEON(0)\nGO(0)	SKIP(745)\nCHASE(7627)\nSKIP(669)
7628	1		2	0	0	0		1	0.0	0.0		0	110	0	0	0	0	BUFF_I(1,0,1)\nDUNGEON(0)\nGO(0)	SKIP(745)\nCHASE(7628)\nSKIP(669)
7629	1		2	0	0	0		1	0.0	0.0		0	110	0	0	0	0	BUFF_I(1,0,1)\nDUNGEON(0)\nGO(0)	SKIP(745)\nCHASE(7629)\nSKIP(669)
7630	1		2	0	0	0		1	0.0	0.0		0	110	0	0	0	0	BUFF_I(1,0,1)\nDUNGEON(0)\nGO(0)	SKIP(745)\nCHASE(7630)\nSKIP(669)
7631	1		2	0	0	0		1	0.0	0.0		0	110	0	0	0	0	BUFF_I(1,0,1)\nDUNGEON(0)\nGO(0)	SKIP(745)\nCHASE(7631)\nSKIP(669)
7632	1		2	0	0	0		1	0.0	0.0		0	110	0	0	0	0	BUFF_I(1,0,1)\nDUNGEON(0)\nGO(0)	SKIP(745)\nCHASE(7632)\nSKIP(669)
7633	1		2	0	0	0		1	0.0	0.0		0	110	0	0	0	0	BUFF_I(1,0,1)\nDUNGEON(0)\nGO(0)	SKIP(745)\nCHASE(7633)\nSKIP(669)
7634	1		2	0	0	0		1	0.0	0.0		0	110	0	0	0	0	BUFF_I(1,0,1)\nDUNGEON(0)\nGO(0)	SKIP(745)\nCHASE(7634)\nSKIP(669)
7635	1		2	0	0	0		1	0.0	0.0		0	110	0	0	0	0	BUFF_I(1,0,1)\nDUNGEON(0)\nGO(0)	SKIP(745)\nCHASE(7635)\nSKIP(669)
7636	1		2	0	0	0		1	0.0	0.0		0	110	0	0	0	0	GO(0)	CHASE(7636)
7637	1		2	0	0	0		1	0.0	0.0		0	110	0	0	0	0	GO(0)	CHASE(7637)
7999	1		2	0	0	0		1	0.0	0.0		0	1	0	0	0	0	GO(0)	CHASE(7001)
8001	1		2	0	0	0		1	0.0	0.0		0	201	4	0	0	0	RANGE(8001)	CHASE(8001)
8005	1		2	0	0	0		1	0.0	0.0		0	4	4	0	0	0	GO(0)	CHASE(8005)
8006	1		2	0	0	0		1	0.0	0.0		0	4	4	0	0	0	GO(0)	CHASE(8006)
8017	1		2	0	0	0		1	0.0	0.0		0	4	4	0	0	0	GO(0)	CHASE(8017)
8021	1	I_INT4_1	4	0	0	0		1	0.0	0.0		0	8021	4	0	0	0	GO(0)	CHASE(8021)
8022	1	IS171	4	0	0	0		1	0.0	0.0		0	8022	0	0	0	0	GO(0)	CHASE(8022)
8024	1	IS120	2	0	0	0		1	0.0	0.0		0	1	0	0	0	0	GO(0)	CHASE(8024)
8026	1		2	0	0	0		1	0.0	0.0		0	1	4	0	0	0	GO(0)	CHASE(8026)
8028	1	IS000	4	0	0	0		1	0.0	0.0		0	8028	0	0	0	0	GO(0)	CHASE(8028)
8029	1	IS1040	4	0	0	0		1	0.0	0.0		0	8029	0	0	0	0	GO(0)	CHASE(8029)
8030	1	IS1200	4	0	0	0		1	0.0	0.0		0	8030	0	0	0	0	GO(0)	CHASE(8030)
8031	1	IS000	4	0	0	0		1	0.0	0.0		0	8031	0	0	0	0	GO(0)	CHASE(8031)
8032	1	IS1040	4	0	0	0		1	0.0	0.0		0	8032	0	0	0	0	GO(0)	CHASE(8032)
8033	1	IS1840	4	0	0	0		1	0.0	0.0		0	8033	0	0	0	0	GO(0)	CHASE(8033)
8034	1	IS1811	4	0	0	0		1	0.0	0.0		0	8034	0	0	0	0	GO(0)	CHASE(8034)
8036	1		2	0	0	0		1	0.0	0.0		0	1	0	0	0	0	GO(0)	CHASE(8036)
8037	1		2	0	0	0		1	0.0	0.0		0	1	0	0	0	0	GO(0)	CHASE(8037)
8038	1		2	0	0	0		1	0.0	0.0		0	0	0	0	0	0	GO(0)	CHASE(8038)
8039	1	ICON_TREASURE_026_000	2	0	0	0		1	0.0	0.0		0	8039	4	0	0	0	GO(0)	CHASE(8039)
8040	1	IS1200	2	0	0	0		1	0.0	0.0		0	8040	4	0	0	0	GO(0)	CHASE(8040)
8041	1		2	0	0	0		1	0.0	0.0		0	8041	4	0	0	0	GO(0)	CHASE(8041)
8042	1		2	0	0	0		1	0.0	0.0		0	1	4	0	0	0	GO(0)	CHASE(8042)
8043	1		2	0	0	0		1	0.0	0.0		0	1	4	0	0	0	GO(0)	CHASE(8043)
8046	1	S_SKILL_0	3	0	0	0		1	0.0	0.0		0	0	0	0	0	0	GO(0)	CHASE(8046)
8047	1	IS120	4	0	0	0		1	0.0	0.0		0	8047	0	0	0	0	GO(0)	CHASE(8047)
8048	1	IS1610	4	0	0	0		1	0.0	0.0		0	8048	4	0	0	0	GO(0)	CHASE(8048)
8049	1		2	0	0	0		1	0.0	0.0		0	8049	0	0	0	0	BUFF_I(3065,0,1)\nGO(0)	CHASE(8049)\nSKIP(753)1
8050	1		2	0	0	0		1	0.0	0.0		0	0	0	0	0	0	GO(0)	CHASE(8050)
8059	1	IS1811	4	0	0	0		1	0.0	0.0		0	8002	0	0	0	0	GO(0)	CHASE(8034)
8060	1	IS1811	4	0	0	0		1	0.0	0.0		0	8003	0	0	0	0	GO(0)	CHASE(8034)
8061	1	IS1811	4	0	0	0		1	0.0	0.0		0	8004	0	0	0	0	GO(0)	CHASE(8034)
8062	1		0	0	0	0		1	0.0	0.0		0	0	0	0	0	0	GO(0)	CHASE(8062)
8069	1		2	0	0	0		1	0.0	0.0		0	0	0	0	0	0	GO(0)	CHASE(8069)
8070	1	ICON_CONTAINER_018_000	2	0	0	0		1	0.0	0.0		0	8039	4	0	0	0	GO(0)	CHASE(8070)
8072	1		2	0	0	0		1	0.0	0.0		0	0	0	0	0	0	GO(0)	CHASE(8072)
8077	1		5	0	0	0		1	0.0	0.0		0	0	0	0	0	0	GO(0)	CHASE(8077)
8093	1	S_SKILL_0	3	0	0	0		1	0.0	0.0		0	0	0	0	0	0	GO(0)	CHASE(8093)
8094	1	S_SKILL_0	3	0	0	0		1	0.0	0.0		0	0	0	0	0	0	GO(0)	CHASE(8094)
8100	1	S_SKILL_0	3	0	0	0		1	0.0	0.0		0	0	0	0	0	0	GO(0)	CHASE(8100)
8101	1	S_SKILL_0	3	0	0	0		1	0.0	0.0		0	0	0	0	0	0	GO(0)	CHASE(8101)
8102	1	S_SKILL_0	3	0	0	0		1	0.0	0.0		0	0	0	0	0	0	GO(0)	CHASE(8102)
8106	1		2	0	0	0		1	0.0	0.0		0	4	4	0	0	0	GO(0)	CHASE(8106)
8107	1		2	0	0	0		1	0.0	0.0		0	4	4	0	0	0	GO(0)	CHASE(8107)
8200	1	IS1000	2	1	0	0		4294967295	0.4000000059604645	1.0		40002	0	0	1	1	0	BUFF_I(1,0,0);RANGE(40122);BUFF_I(40122,0,1)\nBUFF_I(1,0,0);RANGE(40121);BUFF_I(40121,0,1)\nBUFF_I(1,0,0);RANGE(40120);BUFF_I(40120,0,1)\nBUFF_I(1,0,0);RANGE(40002)\nGO(0)	CHASE(40122)\nCHASE(40121)\nCHASE(40120)\nCHASE(40002)\nSKIP(754)
8201	1	IS101	2	1	0	0		4294967295	0.4000000059604645	1.0		40014	8201	1	1	1	15	BUFF_I(1,0,0);RANGE(40014)\nGO(0)	CHASE(40014)\nSKIP(754)
8202	1	IS124	2	1	0	0		4294967295	0.4000000059604645	1.0		40001	8202	1	1	1	7	BUFF_I(1,0,0);KD_ENEMY(1,302);RANGE(40110)\nBUFF_I(1,0,0);KD_ENEMY(1,304);RANGE(40110)\nBUFF_I(1,0,0);RANGE(40001)\nGO(0)	CHASE(40110)\nCHASE(40110)\nCHASE(40001)\nSKIP(754)
8203	1	IS107	2	1	0	0		4294967295	0.4000000059604645	1.0		40010	8203	1	1	1	18	BUFF_I(1,0,0);RANGE(40010)\nGO(0)	CHASE(40010)\nSKIP(754)
8204	1	IS105	2	1	0	0		1	4.0	1.0		0	8204	0	1	1	0	BUFF_I(1,0,0)\nGO(0)	CHASE(40018)\nSKIP(754)
8205	1	IS103	2	1	0	0		4294967295	0.4000000059604645	1.0		40024	8205	0	1	1	10	BUFF_I(1,0,0)\nGO(0)	CHASE(40342)\nSKIP(754)
8206	1	IS1240	2	1	0	0		4294967295	0.4000000059604645	1.0		40016	8206	1	1	1	6	BUFF_I(1,0,0);KD_ENEMY(1,302);RANGE(40260)\nBUFF_I(1,0,0);KD_ENEMY(1,304);RANGE(40260)\nBUFF_I(1,0,0);RANGE(40016)\nGO(0)	CHASE(40260)\nCHASE(40260)\nCHASE(40016)\nSKIP(754)
8207	1	IS106	2	1	0	0		4294967295	0.4000000059604645	1.0		40005	8207	0	1	1	20	BUFF_I(1,0,0)\nGO(0)	CHASE(40005)\nSKIP(754)
8210	1	IS131	2	4	0	0		4294967295	0.4000000059604645	1.0		41012	8210	1	16	0	18	BUFF_I(1,0,0);RANGE(41221)\nGO(0)	CHASE(41221)\nSKIP(754)
8211	1	IS1201	2	4	0	0		4294967295	0.4000000059604645	1.0		41013	8211	1	16	0	0	BUFF_I(1,0,0);RANGE(41013)\nGO(0)	CHASE(41013)\nSKIP(754)
8212	1	IS123	2	4	0	0		4294967295	0.4000000059604645	1.0		41017	8212	1	16	0	0	BUFF_I(1,0,0);RANGE(41017)\nGO(0)	CHASE(41017)\nSKIP(754)
8213	1	IS132	2	4	0	0		4294967295	0.4000000059604645	1.0		41014	8213	1	16	0	15	BUFF_I(1,0,0);RANGE(41014)\nGO(0)	CHASE(41014)\nSKIP(754)
8214	1	IS1230	2	4	0	0		4294967295	0.4000000059604645	1.0		41020	8214	4	16	0	18	BUFF_I(1,0,0);RANGE(41301)\nGO(0)	CHASE(41301)\nSKIP(754)
8215	1	IS128	2	4	0	0		4294967295	0.4000000059604645	1.0		41021	8215	0	16	0	0	BUFF_I(1,0,0)\nGO(0)	CHASE(41021)\nSKIP(754)
8216	1	IS1211	2	4	0	0		4294967295	0.4000000059604645	1.0		41018	8216	4	16	0	30	BUFF_I(1,0,0);RANGE(41018)\nGO(0)	CHASE(41018)\nSKIP(754)
8217	1	IS133	2	4	0	0		4294967295	0.4000000059604645	1.0		41023	8217	0	16	0	18	BUFF_I(1,0,0)\nGO(0)	CHASE(41023)\nSKIP(754)
8220	1	IS171	2	16	0	0		4294967295	0.4000000059604645	1.0		42008	0	1	8	0	5	BUFF_I(1,0,0);RANGE(42008);BUFF_I(42181,0,1)\nBUFF_I(1,0,0);RANGE(42008);BUFF_I(42180,0,1)\nBUFF_I(1,0,0);RANGE(42008)\nGO(0)	CHASE(42181)\nCHASE(42180)\nCHASE(42008)\nSKIP(754)
8221	1	IS1642	2	16	0	0		4294967295	0.4000000059604645	1.0		42022	8221	0	8	0	0	BUFF_I(1,0,0);\nGO(0)	CHASE(42022)\nSKIP(754)
8222	1	IB038	2	16	0	0		4294967295	0.4000000059604645	1.0		42026	8222	1	8	0	15	BUFF_I(1,0,0)\nGO(0)	CHASE(42026)\nSKIP(754)
8223	1	IS1811	2	16	0	0		4294967295	0.4000000059604645	1.0		42002	8223	0	8	0	15	BUFF_I(1,0,0)\nGO(0)	CHASE(42121)\nSKIP(754)
8224	1	IS167	2	16	0	0		4294967295	0.4000000059604645	1.0		42003	8224	0	8	0	15	BUFF_I(1,0,0)\nGO(0)	CHASE(42003)\nSKIP(754)
8225	1	IS163	2	16	0	0		4294967295	0.4000000059604645	1.0		42017	8225	0	8	0	10	BUFF_I(1,0,0)\nGO(0)	CHASE(42017)\nSKIP(754)
8226	1	IS1841	2	16	0	0		4294967295	0.4000000059604645	1.0		42019	8226	4	8	0	12	BUFF_I(1,0,0)\nGO(0)	CHASE(42019)\nSKIP(754)
8227	1	IS1831	2	16	0	0		4294967295	0.4000000059604645	1.0		42021	8227	4	8	0	50	BUFF_I(1,0,0)\nGO(0)	CHASE(42021)\nSKIP(754)
8230	1	IS146	2	2	0	0		4294967295	0.4000000059604645	1.0		43006	8230	0	2	4	0	BUFF_I(1,0,0);BUFF_I(43131,0,1)\nBUFF_I(1,0,0);BUFF_I(43130,0,1)\nBUFF_I(1,0,0)\nGO(0)	CHASE(43131)\nCHASE(43130)\nCHASE(43003)\nSKIP(754)
8231	1	IS141	2	2	0	0		4294967295	0.4000000059604645	1.0		43022	8231	1	2	4	12	BUFF_I(1,0,0);HP_ENEMY<(0.8);RANGE(43010)\nBUFF_I(1,0,0);RANGE(43010)\nGO(0)	CHASE(43200)\nCHASE(43010)\nSKIP(754)
8232	1	IS1431	2	2	0	0		4294967295	0.4000000059604645	1.0		43007	8232	1	2	4	10	BUFF_I(1,0,0)\nRANGE(43011)	CHASE(43011)\nSKIP(754)
8233	1	IS143	2	2	0	0		4294967295	0.4000000059604645	1.0		43010	8233	0	2	4	0	BUFF_I(1,0,0);KD_ENEMY(1,304);RANGE(43180)\nBUFF_I(1,0,0);KD_ENEMY(1,302);RANGE(43180)\nBUFF_I(1,0,0);RANGE(43008)\nGO(0)	CHASE(43180)\nCHASE(43180)\nCHASE(43008)\nSKIP(754)
8234	1	IB015	2	2	0	0		4294967295	0.4000000059604645	1.0		43011	8234	1	2	4	18	BUFF_I(1,0,0)\nGO(0)	CHASE(43005)\nSKIP(754)
8235	1	IS1400	2	2	0	0		4294967295	0.4000000059604645	1.0		43012	8235	0	2	4	18	BUFF_I(1,0,0)\nRANGE(43001)	CHASE(43001)\nSKIP(754)
8236	1	IS1411	2	2	0	0		4294967295	0.4000000059604645	1.0		43020	8236	0	2	4	20	BUFF_I(1,0,0)\nGO(0)	CHASE(43020)\nSKIP(754)
8237	1	I_INT1_1	2	2	0	0		4294967295	0.4000000059604645	1.0		0	8237	0	0	4	0	BUFF_I(1,0,0)\nGO(0)	CHASE(43017)\nSKIP(754)
8240	1	IS1610	2	32	0	0		4294967295	0.4000000059604645	1.0		44001	0	1	64	0	0	BUFF_I(1,0,0);RANGE(44001)\nGO(0)	CHASE(44001)\nSKIP(754)
8241	1	I_STR1_1	2	32	0	0		4294967295	0.4000000059604645	1.0		44019	8241	1	64	0	12	BUFF_I(1,0,0);RANGE(44019)\nGO(0)	CHASE(44019)\nSKIP(754)
8242	1	IS160	2	32	0	0		4294967295	0.4000000059604645	1.0		44002	8242	1	64	0	15	BUFF_I(1,0,0);RANGE(44122)\nGO(0)	CHASE(44122)\nSKIP(754)
8243	1	IS1611	2	32	0	0		4294967295	0.4000000059604645	1.0		44018	8243	0	64	0	12	BUFF_I(1,0,0)\nGO(0)	CHASE(44018)\nSKIP(754)
8244	1	IS187	2	32	0	0		4294967295	0.4000000059604645	1.0		44004	8244	0	64	0	15	BUFF_I(1,0,0)\nGO(0)	CHASE(44140)\nSKIP(754)
8245	1	IB013	2	32	0	0		4294967295	0.4000000059604645	1.0		44005	8245	4	64	0	20	BUFF_I(1,0,0);RANGE(44151)\nGO(0)	CHASE(44151)\nSKIP(754)
8246	1	I_STR3_1	2	32	0	0	44013;76	4294967295	0.4000000059604645	1.0		44022	8246	4	64	0	40	BUFF_I(1,0,0);RANGE(44022)\nGO(0)	CHASE(44022)\nSKIP(754)
8247	1	IB028	2	32	0	0		4294967295	0.4000000059604645	1.0		44008	8247	2	64	0	10	BUFF_I(1,0,0);RANGE(44008)\nGO(0)	CHASE(44008)\nSKIP(754)
8250	5	IS206	2	8	0	0		4294967295	0.4000000059604645	1.0		0	8250	1	32	0	0	BUFF_ENEMY(45002,0,1)\nBUFF_I(45120,0,1)\nGO(0)	CHASE(45120)\nSKIP(936)\nCHASE(45002)
8251	5	IS201	2	8	0	0		4294967295	0.4000000059604645	1.0		45001	0	1	32	0	6	RANGE(45001);BUFF_I(45101,0,1)\nRANGE(45001);BUFF_I(45100,0,1)\nRANGE(45001)	CHASE(45111)\nCHASE(45110)\nCHASE(45001)
8252	25	IS203	2	8	0	0		4294967295	0.4000000059604645	1.0		45010	8252	1	32	0	25	BUFF_ENEMY(45002,0,1)\nBUFF_ENEMY(45002,0,0)	CHASE(45010)\nSKIP(937)
8253	45	IB037	2	8	0	0		4294967295	0.4000000059604645	1.0		45022	8253	4	32	0	20	BUFF_I(1,0,0)\nGO(0)	CHASE(45022)\nSKIP(754)
8254	5	IS45003	2	8	0	0		4294967295	0.4000000059604645	1.0		45003	8254	1	32	0	12	BUFF_ENEMY(45002,0,0)\nBUFF_ENEMY(45002,0,1)	CHASE(45003)\nCHASE(45130)
8255	100	IS207	2	8	0	0		4294967295	0.4000000059604645	1.0		45021	8255	1	32	0	25	BUFF_I(1,0,0);RANGE(45021)\nGO(0)	CHASE(45021)\nSKIP(754)
8256	80	IS45018	2	8	0	0		4294967295	0.4000000059604645	1.0		0	8256	0	32	0	15	BUFF_I(1,0,0)\nGO(0)	CHASE(45018)\nSKIP(754)
8257	115	IS45011	2	8	0	0		4294967295	0.4000000059604645	1.0		45011	8257	1	32	0	45	BUFF_I(1,0,0)\nGO(0)	CHASE(45011)\nSKIP(754)
8500	1		2	0	0	0		1	0.0	0.0		0	0	0	0	0	0	GO(0)	CHASE(8500)
8501	1		2	0	0	0		1	0.0	0.0		0	0	0	0	0	0	GO(0)	CHASE(8501)
8502	1		2	0	0	0		1	0.0	0.0		0	0	0	0	0	0	GO(0)	CHASE(8502)
8503	1		2	0	0	0		1	0.0	0.0		0	0	0	0	0	0	GO(0)	CHASE(8503)
8504	1		2	0	0	0		1	0.0	0.0		0	0	0	0	0	0	GO(0)	CHASE(8504)
8505	1		2	0	0	0		1	0.0	0.0		0	0	0	0	0	0	GO(0)	CHASE(8505)
8506	1		2	0	0	0		1	0.0	0.0		0	0	0	0	0	0	GO(0)	CHASE(8506)
8507	1		2	0	0	0		1	0.0	0.0		0	0	0	0	0	0	GO(0)	CHASE(8507)
8508	1		2	0	0	0		1	0.0	0.0		0	0	0	0	0	0	GO(0)	CHASE(8508)
8509	1		2	0	0	0		1	0.0	0.0		0	0	0	0	0	0	GO(0)	CHASE(8509)
8510	1		2	0	0	0		1	0.0	0.0		0	0	0	0	0	0	GO(0)	CHASE(8510)
8511	1		2	0	0	0		1	0.0	0.0		0	0	0	0	0	0	GO(0)	CHASE(8511)
8512	1		2	0	0	0		1	0.0	0.0		0	0	0	0	0	0	GO(0)	CHASE(8512)
8513	1		2	0	0	0		1	0.0	0.0		0	0	4	0	0	0	GO(0)	CHASE(8513)
8514	1		2	0	0	0		1	0.0	0.0		0	0	4	0	0	0	GO(0)	CHASE(8514)
8515	1		2	0	0	0		1	0.0	0.0		0	0	4	0	0	0	GO(0)	CHASE(8515)
8516	1		2	0	0	0		1	0.0	0.0		0	0	0	0	0	0	GO(0)	CHASE(8516)
8517	1		2	0	0	0		1	0.0	0.0		0	0	0	0	0	0	GO(0)	CHASE(8517)
8518	1		2	0	0	0		1	0.0	0.0		0	0	0	0	0	0	GO(0)	CHASE(8518)
8519	1		2	0	0	0		1	0.0	0.0		0	0	0	0	0	0	GO(0)	CHASE(8519)
8520	1		2	0	0	0		1	0.0	0.0		0	0	0	0	0	0	GO(0)	CHASE(8520)
8521	1		2	0	0	0		1	0.0	0.0		0	0	0	0	0	0	GO(0)	CHASE(8521)
8522	1		2	0	0	0		1	0.0	0.0		0	0	0	0	0	0	GO(0)	CHASE(8522)
8523	1		2	0	0	0		1	0.0	0.0		0	0	0	0	0	0	GO(0)	CHASE(8523)
8524	1		2	0	0	0		1	0.0	0.0		0	0	0	0	0	0	GO(0)	CHASE(8524)
8525	1		2	0	0	0		1	0.0	0.0		0	0	0	0	0	0	GO(0)	CHASE(8525)
8526	1		2	0	0	0		1	0.0	0.0		0	0	0	0	0	0	GO(0)	CHASE(8526)
8527	1		2	0	0	0		1	0.0	0.0		0	0	0	0	0	0	GO(0)	CHASE(8527)
8528	1		2	0	0	0		1	0.0	0.0		0	0	0	0	0	0	GO(0)	CHASE(8528)
8529	1		2	0	0	0		1	0.0	0.0		0	0	0	0	0	0	GO(0)	CHASE(8529)
8530	1		2	0	0	0		1	0.0	0.0		0	0	0	0	0	0	GO(0)	CHASE(8530)
8531	1		2	0	0	0		1	0.0	0.0		0	0	0	0	0	0	GO(0)	CHASE(8531)
8532	1		2	0	0	0		1	0.0	0.0		0	0	4	0	0	0	GO(0)	CHASE(8532)
8533	1		2	0	0	0		1	0.0	0.0		0	0	4	0	0	0	GO(0)	CHASE(8533)
8534	1		2	0	0	0		1	0.0	0.0		0	0	4	0	0	0	GO(0)	CHASE(8534)
8535	1		2	0	0	0		1	0.0	0.0		0	0	0	0	0	0	GO(0)	CHASE(8535)
8536	1		2	0	0	0		1	0.0	0.0		0	0	0	0	0	0	GO(0)	CHASE(8536)
8537	1		2	0	0	0		1	0.0	0.0		0	0	0	0	0	0	GO(0)	CHASE(8537)
8538	1		2	0	0	0		1	0.0	0.0		0	0	0	0	0	0	GO(0)	CHASE(8538)
8539	1		2	0	0	0		1	0.0	0.0		0	0	0	0	0	0	GO(0)	CHASE(8539)
8540	1	ICON_REST	2	0	0	0		1	0.0	0.0		0	0	0	0	0	0	GO(0)	CHASE(8540)
8541	1		2	0	0	0		1	0.0	0.0		0	0	0	0	0	0	GO(0)	CHASE(8541)
8542	1		2	0	0	0		1	0.0	0.0		0	0	0	0	0	0	GO(0)	CHASE(8542)
8543	1		2	0	0	0		1	0.0	0.0		0	0	0	0	0	0	GO(0)	CHASE(8543)
8544	1		2	0	0	0		1	0.0	0.0		0	0	0	0	0	0	GO(0)	CHASE(8544)
8545	1	ICON_PM009_000_000_L	2	0	0	0		1	0.0	0.0		0	0	0	0	0	0	GO(0)	CHASE(8545)
8546	1	ICON_PM012_000_000_L	2	0	0	0		1	0.0	0.0		0	0	0	0	0	0	GO(0)	CHASE(8546)
8547	1	ICON_PM053_000_000_L	2	0	0	0		1	0.0	0.0		0	0	0	0	0	0	GO(0)	CHASE(8547)
8548	1	ICON_PM054_000_000_L	2	0	0	0		1	0.0	0.0		0	0	0	0	0	0	GO(0)	CHASE(8548)
8549	1	ICON_PM030_000_000_L	2	0	0	0		1	0.0	0.0		0	0	0	0	0	0	GO(0)	CHASE(8549)
8550	1	ICON_PM052_000_000_L	2	0	0	0		1	0.0	0.0		0	0	0	0	0	0	GO(0)	CHASE(8550)
8551	1	ICON_PM007_000_000_L	2	0	0	0		1	0.0	0.0		0	0	0	0	0	0	GO(0)	CHASE(8551)
8552	1		2	0	0	0		1	0.0	0.0		0	0	0	0	0	0	GO(0)	CHASE(8552)
8553	1		2	0	0	0		1	0.0	0.0		0	0	0	0	0	0	GO(0)	CHASE(8553)
8554	1		2	0	0	0		1	0.0	0.0		0	0	0	0	0	0	GO(0)	CHASE(8554)
8555	1		2	0	0	0		1	0.0	0.0		0	0	0	0	0	0	GO(0)	CHASE(8555)
8556	1		2	0	0	0		1	0.0	0.0		0	0	0	0	0	0	GO(0)	CHASE(8556)
8557	1		2	0	0	0		1	0.0	0.0		0	0	0	0	0	0	GO(0)	CHASE(8557)
8558	1		2	0	0	0		1	0.0	0.0		0	0	0	0	0	0	GO(0)	CHASE(8558)
8559	1		2	0	0	0		1	0.0	0.0		0	0	0	0	0	0	GO(0)	CHASE(8559)
8560	1		2	0	0	0		1	0.0	0.0		0	0	0	0	0	0	GO(0)	CHASE(8560)
8561	1		2	0	0	0		1	0.0	0.0		0	0	0	0	0	0	GO(0)	CHASE(8561)
8562	1		2	0	0	0		1	0.0	0.0		0	0	0	0	0	0	GO(0)	CHASE(8562)
8563	1		2	0	0	0		1	0.0	0.0		0	0	0	0	0	0	GO(0)	CHASE(8563)
8564	1		2	0	0	0		1	0.0	0.0		0	0	0	0	0	0	GO(0)	CHASE(8564)
8565	1		2	0	0	0		1	0.0	0.0		0	0	0	0	0	0	GO(0)	CHASE(8565)
8566	1		2	0	0	0		1	0.0	0.0		0	0	0	0	0	0	GO(0)	CHASE(8566)
8567	1		2	0	0	0		1	0.0	0.0		0	0	0	0	0	0	GO(0)	CHASE(8567)
8568	1		2	0	0	0		1	0.0	0.0		0	0	2	0	0	0	GO(0)	CHASE(8568)
8569	1		2	0	0	0		1	0.0	0.0		0	0	0	0	0	0	GO(0)	CHASE(8569)
8570	1		2	0	0	0		1	0.0	0.0		0	0	0	0	0	0	GO(0)	CHASE(8570)
8571	1		2	0	0	0		1	0.0	0.0		0	0	0	0	0	0	GO(0)	CHASE(8571)
8572	1	IS1010	2	0	0	0		1	0.0	0.0		0	5115	1	0	0	0	GO(0)	CHASE(8572)
8573	1	IS1611	2	0	0	0		1	0.0	0.0		0	1	1	0	0	0	GENDER_I(2)\nGENDER_I(1)	CHASE(8573)\nCHASE(8576)
8574	1	IB003	2	0	0	0		1	0.0	0.0		0	1	1	0	0	0	GO(0)	CHASE(8574)
8575	1		2	0	0	0		1	0.0	0.0		0	0	0	0	0	0	GO(0)	CHASE(8575)
8576	1		2	0	0	0		1	0.0	0.0		0	0	0	0	0	0	GO(0)	CHASE(8577)
8578	1		2	0	0	0		1	0.0	0.0		0	1	4	0	0	0	GO(0)	CHASE(8578)
8579	1		2	0	0	0		1	0.0	0.0		0	0	0	0	0	0	GO(0)	CHASE(8579)
8580	1		2	0	0	0		1	0.0	0.0		0	0	0	0	0	0	GO(0)	CHASE(8580)
8581	1	IS1230	4	0	0	0		1	0.0	0.0		0	5117	0	0	0	0	GO(0)	CHASE(8581)
8582	1	IS121	4	0	0	0		1	0.0	0.0		0	8582	0	0	0	0	GO(0)	CHASE(8582)
8583	1	I_STR1_1	4	0	0	0		1	0.0	0.0		0	5116	0	0	0	0	GO(0)	CHASE(8583)
8584	1		2	0	0	0		1	0.0	0.0		0	0	0	0	0	0	GO(0)	CHASE(8584)
8585	1		2	0	0	0		1	0.0	0.0		0	0	0	0	0	0	GO(0)	CHASE(8585)
8586	1	I_STR1_1	4	0	0	0		1	0.0	0.0		0	0	0	0	0	0	GO(0)	CHASE(8586)
8587	1		2	0	0	0		1	0.0	0.0		0	0	0	0	0	0	GO(0)	CHASE(8587)
8588	1		2	0	0	0		1	0.0	0.0		0	0	0	0	0	0	GO(0)	CHASE(8588)
8589	1		2	0	0	0		1	0.0	0.0		0	0	0	0	0	0	GO(0)	CHASE(8589)
8590	1		2	0	0	0		1	0.0	0.0		0	0	0	0	0	0	GO(0)	CHASE(8590)
8591	1		2	0	0	0		1	0.0	0.0		0	0	0	0	0	0	GO(0)	CHASE(8591)
8592	1		2	0	0	0		1	0.0	0.0		0	0	0	0	0	0	GO(0)	CHASE(8592)
8593	1		2	0	0	0		1	0.0	0.0		0	0	0	0	0	0	GO(0)	CHASE(8593)
8594	1		2	0	0	0		1	0.0	0.0		0	0	0	0	0	0	GO(0)	CHASE(8594)
8595	1		2	0	0	0		1	0.0	0.0		0	0	0	0	0	0	GO(0)	CHASE(8595)
8596	1		2	0	0	0		1	0.0	0.0		0	0	0	0	0	0	GO(0)	CHASE(8596)
8597	1		2	0	0	0		1	0.0	0.0		0	0	0	0	0	0	GO(0)	CHASE(8597)
8598	1		2	0	0	0		1	0.0	0.0		0	0	0	0	0	0	GO(0)	CHASE(8598)
8599	1		2	0	0	0		1	0.0	0.0		0	0	0	0	0	0	GO(0)	CHASE(8599)
8600	1		2	0	0	0		1	0.0	0.0		0	0	0	0	0	0	GO(0)	CHASE(8600)
8601	1		2	0	0	0		1	0.0	0.0		0	0	0	0	0	0	GO(0)	CHASE(8601)
8602	1		2	0	0	0		1	0.0	0.0		0	0	0	0	0	0	GO(0)	CHASE(8602)
8603	1		2	0	0	0		1	0.0	0.0		0	0	0	0	0	0	GO(0)	CHASE(8603)
8604	1		2	0	0	0		1	0.0	0.0		0	0	0	0	0	0	GO(0)	CHASE(8604)
8605	1		2	0	0	0		1	0.0	0.0		0	0	0	0	0	0	GO(0)	CHASE(8605)
8606	1		2	0	0	0		1	0.0	0.0		0	0	0	0	0	0	GO(0)	CHASE(8606)
8607	1		2	0	0	0		1	0.0	0.0		0	0	0	0	0	0	GO(0)	CHASE(8607)
8608	1		2	0	0	0		1	0.0	0.0		0	0	0	0	0	0	GO(0)	CHASE(8608)
8609	1		2	0	0	0		1	0.0	0.0		0	0	0	0	0	0	GO(0)	CHASE(8609)
8610	1		2	0	0	0		1	0.0	0.0		0	0	0	0	0	0	GO(0)	CHASE(8610)
8611	1		2	0	0	0		1	0.0	0.0		0	0	0	0	0	0	GO(0)	CHASE(8611)
8612	1		2	0	0	0		1	0.0	0.0		0	0	0	0	0	0	GO(0)	CHASE(8612)
8613	1		2	0	0	0		1	0.0	0.0		0	0	0	0	0	0	GO(0)	CHASE(8613)
8614	1		2	0	0	0		1	0.0	0.0		0	0	0	0	0	0	GO(0)	CHASE(8614)
8615	1		2	0	0	0		1	0.0	0.0		0	0	0	0	0	0	GO(0)	CHASE(8615)
8616	1		2	0	0	0		1	0.0	0.0		0	0	0	0	0	0	GO(0)	CHASE(8616)
8617	1		2	0	0	0		1	0.0	0.0		0	0	0	0	0	0	GO(0)	CHASE(8617)
8618	1		2	0	0	0		1	0.0	0.0		0	0	0	0	0	0	GO(0)	CHASE(8618)
8619	1		2	0	0	0		1	0.0	0.0		0	0	0	0	0	0	GO(0)	CHASE(8619)
8620	1		2	0	0	0		1	0.0	0.0		0	0	0	0	0	0	GO(0)	CHASE(8620)
8621	1		2	0	0	0		1	0.0	0.0		0	0	0	0	0	0	GO(0)	CHASE(8621)
8622	1		2	0	0	0		1	0.0	0.0		0	0	0	0	0	0	GO(0)	CHASE(8622)
8623	1		2	0	0	0		1	0.0	0.0		0	0	0	0	0	0	GO(0)	CHASE(8623)
8624	1		2	0	0	0		1	0.0	0.0		0	0	0	0	0	0	GO(0)	CHASE(8624)
8625	1		2	0	0	0		1	0.0	0.0		0	0	0	0	0	0	GO(0)	CHASE(8625)
8626	1		2	0	0	0		1	0.0	0.0		0	0	0	0	0	0	GO(0)	CHASE(8626)
8627	1		2	0	0	0		1	0.0	0.0		0	0	0	0	0	0	GO(0)	CHASE(8627)
8628	1		2	0	0	0		1	0.0	0.0		0	0	0	0	0	0	GO(0)	CHASE(8628)
8629	1		2	0	0	0		1	0.0	0.0		0	0	0	0	0	0	GO(0)	CHASE(8629)
8630	1		2	0	0	0		1	0.0	0.0		0	0	0	0	0	0	GO(0)	CHASE(8630)
8631	1		2	0	0	0		1	0.0	0.0		0	0	0	0	0	0	GO(0)	CHASE(8631)
8632	1		2	0	0	0		1	0.0	0.0		0	0	0	0	0	0	GO(0)	CHASE(8632)
8633	1		2	0	0	0		1	0.0	0.0		0	0	0	0	0	0	GO(0)	CHASE(8633)
8634	1		2	0	0	0		1	0.0	0.0		0	0	0	0	0	0	GO(0)	CHASE(8634)
8635	1		2	0	0	0		1	0.0	0.0		0	0	0	0	0	0	GO(0)	CHASE(8635)
8636	1		2	0	0	0		1	0.0	0.0		0	0	0	0	0	0	GO(0)	CHASE(8636)
8637	1		2	0	0	0		1	0.0	0.0		0	0	0	0	0	0	GO(0)	CHASE(8637)
8638	1		2	0	0	0		1	0.0	0.0		0	0	0	0	0	0	GO(0)	CHASE(8638)
8639	1		2	0	0	0		1	0.0	0.0		0	0	0	0	0	0	GO(0)	CHASE(8639)
8640	1		2	0	0	0		1	0.0	0.0		0	0	0	0	0	0	GO(0)	CHASE(8640)
8641	1		2	0	0	0		1	0.0	0.0		0	0	0	0	0	0	GO(0)	CHASE(8641)
8642	1		2	0	0	0		1	0.0	0.0		0	0	0	0	0	0	GO(0)	CHASE(8642)
8643	1		2	0	0	0		1	0.0	0.0		0	0	0	0	0	0	GO(0)	CHASE(8643)
8644	1		2	0	0	0		1	0.0	0.0		0	0	0	0	0	0	GO(0)	CHASE(8644)
8645	1		2	0	0	0		1	0.0	0.0		0	0	0	0	0	0	GO(0)	CHASE(8645)
8646	1		2	0	0	0		1	0.0	0.0		0	0	0	0	0	0	GO(0)	CHASE(8646)
8647	1		2	0	0	0		1	0.0	0.0		0	0	0	0	0	0	GO(0)	CHASE(8647)
8648	1		2	0	0	0		1	0.0	0.0		0	0	0	0	0	0	GO(0)	CHASE(8648)
8649	1		2	0	0	0		1	0.0	0.0		0	0	0	0	0	0	GO(0)	CHASE(8649)
8650	1		2	0	0	0		1	0.0	0.0		0	0	0	0	0	0	GO(0)	CHASE(8650)
8651	1		2	0	0	0		1	0.0	0.0		0	0	0	0	0	0	GO(0)	CHASE(8651)
8652	1		2	0	0	0		1	0.0	0.0		0	0	0	0	0	0	GO(0)	CHASE(8652)
8653	1		2	0	0	0		1	0.0	0.0		0	0	0	0	0	0	GO(0)	CHASE(8653)
8654	1		2	0	0	0		1	0.0	0.0		0	0	0	0	0	0	GO(0)	CHASE(8654)
8655	1		2	0	0	0		1	0.0	0.0		0	0	0	0	0	0	GO(0)	CHASE(8655)
8656	1		2	0	0	0		1	0.0	0.0		0	0	0	0	0	0	GO(0)	CHASE(8656)
8657	1		2	0	0	0		1	0.0	0.0		0	0	0	0	0	0	GO(0)	CHASE(8657)
8658	1		2	0	0	0		1	0.0	0.0		0	0	0	0	0	0	GO(0)	CHASE(8658)
8659	1		2	0	0	0		1	0.0	0.0		0	0	0	0	0	0	GO(0)	CHASE(8659)
8660	1		2	0	0	0		1	0.0	0.0		0	0	0	0	0	0	GO(0)	CHASE(8660)
8661	1		2	0	0	0		1	0.0	0.0		0	0	0	0	0	0	GO(0)	CHASE(8661)
8662	1		2	0	0	0		1	0.0	0.0		0	0	0	0	0	0	GO(0)	CHASE(8662)
8663	1		2	0	0	0		1	0.0	0.0		0	0	0	0	0	0	GO(0)	CHASE(8663)
8664	1		2	0	0	0		1	0.0	0.0		0	0	0	0	0	0	GO(0)	CHASE(8664)
8665	1		2	0	0	0		1	0.0	0.0		0	0	0	0	0	0	GO(0)	CHASE(8665)
8666	1		2	0	0	0		1	0.0	0.0		0	0	0	0	0	0	GO(0)	CHASE(8666)
8667	1		2	0	0	0		1	0.0	0.0		0	0	0	0	0	0	GO(0)	CHASE(8667)
8668	1		2	0	0	0		1	0.0	0.0		0	0	0	0	0	0	GO(0)	CHASE(8668)
8669	1		2	0	0	0		1	0.0	0.0		0	0	0	0	0	0	GO(0)	CHASE(8669)
8670	1		2	0	0	0		1	0.0	0.0		0	0	0	0	0	0	GO(0)	CHASE(8670)
8671	1		2	0	0	0		1	0.0	0.0		0	0	0	0	0	0	GO(0)	CHASE(8671)
8672	1		2	0	0	0		1	0.0	0.0		0	0	0	0	0	0	GO(0)	CHASE(8672)
8673	1		2	0	0	0		1	0.0	0.0		0	0	0	0	0	0	GO(0)	CHASE(8673)
8674	1		2	0	0	0		1	0.0	0.0		0	0	0	0	0	0	GO(0)	CHASE(8674)
8675	1		2	0	0	0		1	0.0	0.0		0	0	0	0	0	0	GO(0)	CHASE(8675)
8676	1		2	0	0	0		1	0.0	0.0		0	0	0	0	0	0	GO(0)	CHASE(8676)
8677	1		2	0	0	0		1	0.0	0.0		0	0	0	0	0	0	GO(0)	CHASE(8677)
8678	1		2	0	0	0		1	0.0	0.0		0	0	0	0	0	0	GO(0)	CHASE(8678)
8679	1		2	0	0	0		1	0.0	0.0		0	0	0	0	0	0	GO(0)	CHASE(8679)
8680	1		2	0	0	0		1	0.0	0.0		0	0	0	0	0	0	GO(0)	CHASE(8680)
8681	1		2	0	0	0		1	0.0	0.0		0	0	0	0	0	0	GO(0)	CHASE(8681)
8682	1		2	0	0	0		1	0.0	0.0		0	0	0	0	0	0	GO(0)	CHASE(8682)
8683	1		2	0	0	0		1	0.0	0.0		0	0	0	0	0	0	GO(0)	CHASE(8683)
8684	1		2	0	0	0		1	0.0	0.0		0	0	0	0	0	0	GO(0)	CHASE(8684)
8685	1		2	0	0	0		1	0.0	0.0		0	0	0	0	0	0	GO(0)	CHASE(8685)
8686	1		2	0	0	0		1	0.0	0.0		0	0	0	0	0	0	GO(0)	CHASE(8686)
8687	1		2	0	0	0		1	0.0	0.0		0	0	0	0	0	0	GO(0)	CHASE(8687)
8688	1		2	0	0	0		1	0.0	0.0		0	0	0	0	0	0	GO(0)	CHASE(8688)
8689	1		2	0	0	0		1	0.0	0.0		0	0	0	0	0	0	GO(0)	CHASE(8689)
8690	1		2	0	0	0		1	0.0	0.0		0	0	0	0	0	0	GO(0)	CHASE(8690)
8691	1		2	0	0	0		1	0.0	0.0		0	0	0	0	0	0	GO(0)	CHASE(8691)
8692	1		2	0	0	0		1	0.0	0.0		0	0	0	0	0	0	GO(0)	CHASE(8692)
8693	1		2	0	0	0		1	0.0	0.0		0	0	0	0	0	0	GO(0)	CHASE(8693)
8694	1		2	0	0	0		1	0.0	0.0		0	0	0	0	0	0	GO(0)	CHASE(8694)
8695	1		2	0	0	0		1	0.0	0.0		0	0	0	0	0	0	GO(0)	CHASE(8695)
8696	1		2	0	0	0		1	0.0	0.0		0	0	0	0	0	0	GO(0)	CHASE(8696)
8697	1		2	0	0	0		1	0.0	0.0		0	0	0	0	0	0	GO(0)	CHASE(8697)
8698	1		2	0	0	0		1	0.0	0.0		0	0	0	0	0	0	GO(0)	CHASE(8698)
8699	1		2	0	0	0		1	0.0	0.0		0	0	0	0	0	0	GO(0)	CHASE(8699)
8700	1		2	0	0	0		1	0.0	0.0		0	0	0	0	0	0	GO(0)	CHASE(8700)
8701	1		2	0	0	0		1	0.0	0.0		0	0	0	0	0	0	GO(0)	CHASE(8701)
8702	1		2	0	0	0		1	0.0	0.0		0	0	0	0	0	0	GO(0)	CHASE(8702)
8703	1		2	0	0	0		1	0.0	0.0		0	0	0	0	0	0	GO(0)	CHASE(8703)
8704	1		2	0	0	0		1	0.0	0.0		0	0	0	0	0	0	GO(0)	CHASE(8704)
8705	1		2	0	0	0		1	0.0	0.0		0	0	0	0	0	0	GO(0)	CHASE(8705)
8706	1		2	0	0	0		1	0.0	0.0		0	0	0	0	0	0	GO(0)	CHASE(8706)
8707	1		2	0	0	0		1	0.0	0.0		0	0	0	0	0	0	GO(0)	CHASE(8707)
8708	1		2	0	0	0		1	0.0	0.0		0	0	0	0	0	0	GO(0)	CHASE(8708)
8709	1		2	0	0	0		1	0.0	0.0		0	0	0	0	0	0	GO(0)	CHASE(8709)
8710	1		2	0	0	0		1	0.0	0.0		0	0	0	0	0	0	GO(0)	CHASE(8710)
8711	1		2	0	0	0		1	0.0	0.0		0	0	0	0	0	0	GO(0)	CHASE(8711)
8712	1		2	0	0	0		1	0.0	0.0		0	0	0	0	0	0	GO(0)	CHASE(8712)
8713	1		2	0	0	0		1	0.0	0.0		0	0	0	0	0	0	GO(0)	CHASE(8713)
8714	1		2	0	0	0		1	0.0	0.0		0	0	0	0	0	0	GO(0)	CHASE(8714)
8715	1		2	0	0	0		1	0.0	0.0		0	0	0	0	0	0	GO(0)	CHASE(8715)
8716	1		2	0	0	0		1	0.0	0.0		0	0	0	0	0	0	GO(0)	CHASE(8716)
8717	1		2	0	0	0		1	0.0	0.0		0	0	0	0	0	0	GO(0)	CHASE(8717)
8718	1		2	0	0	0		1	0.0	0.0		0	0	0	0	0	0	GO(0)	CHASE(8718)
8719	1		2	0	0	0		1	0.0	0.0		0	0	0	0	0	0	GO(0)	CHASE(8719)
8720	1		2	0	0	0		1	0.0	0.0		0	0	0	0	0	0	GO(0)	CHASE(8720)
8721	1		2	0	0	0		1	0.0	0.0		0	0	0	0	0	0	GO(0)	CHASE(8721)
8722	1		2	0	0	0		1	0.0	0.0		0	0	0	0	0	0	GO(0)	CHASE(8722)
8723	1		2	0	0	0		1	0.0	0.0		0	0	0	0	0	0	GO(0)	CHASE(8723)
8724	1		2	0	0	0		1	0.0	0.0		0	0	0	0	0	0	GO(0)	CHASE(8724)
8725	1		2	0	0	0		1	0.0	0.0		0	0	0	0	0	0	GO(0)	CHASE(8725)
8726	1		2	0	0	0		1	0.0	0.0		0	0	0	0	0	0	GO(0)	CHASE(8726)
8727	1		2	0	0	0		1	0.0	0.0		0	0	0	0	0	0	GO(0)	CHASE(8727)
8728	1		2	0	0	0		1	0.0	0.0		0	0	0	0	0	0	GO(0)	CHASE(8728)
8729	1		2	0	0	0		1	0.0	0.0		0	0	0	0	0	0	GO(0)	CHASE(8729)
8730	1		2	0	0	0		1	0.0	0.0		0	0	0	0	0	0	GO(0)	CHASE(8730)
8731	1		2	0	0	0		1	0.0	0.0		0	0	0	0	0	0	GO(0)	CHASE(8731)
8732	1		2	0	0	0		1	0.0	0.0		0	0	0	0	0	0	GO(0)	CHASE(8732)
8733	1		2	0	0	0		1	0.0	0.0		0	0	0	0	0	0	GO(0)	CHASE(8733)
8734	1		2	0	0	0		1	0.0	0.0		0	0	0	0	0	0	GO(0)	CHASE(8734)
8735	1		2	0	0	0		1	0.0	0.0		0	0	0	0	0	0	GO(0)	CHASE(8735)
8736	1		2	0	0	0		1	0.0	0.0		0	0	0	0	0	0	GO(0)	CHASE(8736)
8737	1		2	0	0	0		1	0.0	0.0		0	0	0	0	0	0	GO(0)	CHASE(8737)
8738	1		2	0	0	0		1	0.0	0.0		0	0	0	0	0	0	GO(0)	CHASE(8738)
8739	1		2	0	0	0		1	0.0	0.0		0	0	0	0	0	0	GO(0)	CHASE(8739)
8740	1		2	0	0	0		1	0.0	0.0		0	0	0	0	0	0	GO(0)	CHASE(8740)
8741	1		2	0	0	0		1	0.0	0.0		0	0	0	0	0	0	GO(0)	CHASE(8741)
8742	1		2	0	0	0		1	0.0	0.0		0	0	0	0	0	0	GO(0)	CHASE(8742)
8743	1		2	0	0	0		1	0.0	0.0		0	0	0	0	0	0	GO(0)	CHASE(8743)
8744	1		2	0	0	0		1	0.0	0.0		0	0	0	0	0	0	GO(0)	CHASE(8744)
8745	1		2	0	0	0		1	0.0	0.0		0	0	0	0	0	0	GO(0)	CHASE(8745)
8746	1		2	0	0	0		1	0.0	0.0		0	0	0	0	0	0	GO(0)	CHASE(8746)
8747	1		2	0	0	0		1	0.0	0.0		0	0	0	0	0	0	GO(0)	CHASE(8747)
8748	1		2	0	0	0		1	0.0	0.0		0	0	0	0	0	0	GO(0)	CHASE(8748)
8749	1		2	0	0	0		1	0.0	0.0		0	0	0	0	0	0	GO(0)	CHASE(8749)
8750	1		2	0	0	0		1	0.0	0.0		0	0	0	0	0	0	GO(0)	CHASE(8750)
8751	1		2	0	0	0		1	0.0	0.0		0	0	0	0	0	0	GO(0)	CHASE(8751)
8752	1		2	0	0	0		1	0.0	0.0		0	0	0	0	0	0	GO(0)	CHASE(8752)
8753	1		2	0	0	0		1	0.0	0.0		0	0	0	0	0	0	GO(0)	CHASE(8753)
8754	1		2	0	0	0		1	0.0	0.0		0	0	0	0	0	0	GO(0)	CHASE(8754)
8755	1		2	0	0	0		1	0.0	0.0		0	0	0	0	0	0	GO(0)	CHASE(8755)
8756	1		2	0	0	0		1	0.0	0.0		0	0	0	0	0	0	GO(0)	CHASE(8756)
8757	1		2	0	0	0		1	0.0	0.0		0	0	0	0	0	0	GO(0)	CHASE(8757)
8758	1		2	0	0	0		1	0.0	0.0		0	0	0	0	0	0	GO(0)	CHASE(8758)
8759	1		2	0	0	0		1	0.0	0.0		0	0	0	0	0	0	GO(0)	CHASE(8759)
8760	1		2	0	0	0		1	0.0	0.0		0	0	0	0	0	0	GO(0)	CHASE(8760)
8761	1		2	0	0	0		1	0.0	0.0		0	0	0	0	0	0	GO(0)	CHASE(8761)
8762	1		2	0	0	0		1	0.0	0.0		0	0	0	0	0	0	GO(0)	CHASE(8762)
8763	1		2	0	0	0		1	0.0	0.0		0	0	0	0	0	0	GO(0)	CHASE(8763)
8764	1		2	0	0	0		1	0.0	0.0		0	0	0	0	0	0	GO(0)	CHASE(8764)
8765	1		2	0	0	0		1	0.0	0.0		0	0	0	0	0	0	GO(0)	CHASE(8765)
8766	1	IS141	2	0	0	0		1	0.0	0.0		0	8766	0	2	0	0	GO(0)	CHASE(8766)
8767	1	IS1410	2	0	0	0		1	0.0	0.0		0	8767	0	2	0	0	GO(0)	CHASE(8767)
8768	1	IS1411	2	0	0	0		1	0.0	0.0		0	8768	0	2	0	0	GO(0)	CHASE(8768)
8769	1	I_STR1_1	2	0	0	0		1	0.0	0.0		0	8769	0	0	0	0	GO(0)	CHASE(8769)
8770	1		2	0	0	0		1	0.0	0.0		0	0	0	0	0	0	GO(0)	CHASE(8770)
8771	1		2	0	0	0		1	0.0	0.0		0	0	0	0	0	0	GO(0)	CHASE(8771)
8772	1		2	0	0	0		1	0.0	0.0		0	0	0	0	0	0	GO(0)	CHASE(8772)
8773	1		2	0	0	0		1	0.0	0.0		0	0	0	0	0	0	GO(0)	CHASE(8773)
8774	1		2	0	0	0		1	0.0	0.0		0	0	0	0	0	0	GO(0)	CHASE(8774)
8775	1		2	0	0	0		1	0.0	0.0		0	0	0	0	0	0	GO(0)	CHASE(8775)
8776	1		2	0	0	0		1	0.0	0.0		0	0	0	0	0	0	GO(0)	CHASE(8776)
8777	1		2	0	0	0		1	0.0	0.0		0	0	0	0	0	0	GO(0)	CHASE(8777)
8778	1		2	0	0	0		1	0.0	0.0		0	0	0	0	0	0	GO(0)	CHASE(8778)
8779	1		2	0	0	0		1	0.0	0.0		0	0	0	0	0	0	GO(0)	CHASE(8779)
8780	1		2	0	0	0		1	0.0	0.0		0	0	0	0	0	0	GO(0)	CHASE(8780)
8781	1		2	0	0	0		1	0.0	0.0		0	0	0	0	0	0	GO(0)	CHASE(8781)
8782	1		2	0	0	0		1	0.0	0.0		0	0	0	0	0	0	GO(0)	CHASE(8782)
8783	1		2	0	0	0		1	0.0	0.0		0	0	0	0	0	0	GO(0)	CHASE(8783)
8784	1		2	0	0	0		1	0.0	0.0		0	0	0	0	0	0	GO(0)	CHASE(8784)
8785	1		2	0	0	0		1	0.0	0.0		0	0	0	0	0	0	GO(0)	CHASE(8785)
8786	1		2	0	0	0		1	0.0	0.0		0	0	0	0	0	0	GO(0)	CHASE(8786)
8787	1		2	0	0	0		1	0.0	0.0		0	0	0	0	0	0	GO(0)	CHASE(8787)
8788	1		2	0	0	0		1	0.0	0.0		0	0	0	0	0	0	GO(0)	CHASE(8788)
8789	1		2	0	0	0		1	0.0	0.0		0	0	0	0	0	0	GO(0)	CHASE(8789)
8790	1		2	0	0	0		1	0.0	0.0		0	0	0	0	0	0	GO(0)	CHASE(8790)
8791	1		2	0	0	0		1	0.0	0.0		0	0	0	0	0	0	GO(0)	CHASE(8791)
8792	1		2	0	0	0		1	0.0	0.0		0	0	0	0	0	0	GO(0)	CHASE(8792)
8793	1		2	0	0	0		1	0.0	0.0		0	0	0	0	0	0	GO(0)	CHASE(8793)
8794	1		2	0	0	0		1	0.0	0.0		0	0	0	0	0	0	GO(0)	CHASE(8794)
8795	1		2	0	0	0		1	0.0	0.0		0	0	0	0	0	0	GO(0)	CHASE(8795)
8796	1		2	0	0	0		1	0.0	0.0		0	0	0	0	0	0	GO(0)	CHASE(8796)
8797	1		2	0	0	0		1	0.0	0.0		0	0	0	0	0	0	GO(0)	CHASE(8797)
8798	1		2	0	0	0		1	0.0	0.0		0	0	0	0	0	0	GO(0)	CHASE(8798)
8799	1		2	0	0	0		1	0.0	0.0		0	0	0	0	0	0	GO(0)	CHASE(8799)
8800	1		2	0	0	0		1	0.0	0.0		0	0	0	0	0	0	GO(0)	CHASE(8800)
8801	1		2	0	0	0		1	0.0	0.0		0	0	0	0	0	0	GO(0)	CHASE(8801)
8802	1		2	0	0	0		1	0.0	0.0		0	0	0	0	0	0	GO(0)	CHASE(8802)
8803	1		2	0	0	0		1	0.0	0.0		0	0	0	0	0	0	GO(0)	CHASE(8803)
8804	1		2	0	0	0		1	0.0	0.0		0	0	0	0	0	0	GO(0)	CHASE(8804)
8805	1		2	0	0	0		1	0.0	0.0		0	0	0	0	0	0	GO(0)	CHASE(8805)
8806	1		2	0	0	0		1	0.0	0.0		0	0	0	0	0	0	GO(0)	CHASE(8806)
8807	1		2	0	0	0		1	0.0	0.0		0	0	0	0	0	0	GO(0)	CHASE(8807)
8808	1		2	0	0	0		1	0.0	0.0		0	0	0	0	0	0	GO(0)	CHASE(8808)
8809	1		2	0	0	0		1	0.0	0.0		0	0	0	0	0	0	GO(0)	CHASE(8809)
8810	1		2	0	0	0		1	0.0	0.0		0	0	0	0	0	0	GO(0)	CHASE(8810)
8811	1		2	0	0	0		1	0.0	0.0		0	0	0	0	0	0	GO(0)	CHASE(8811)
8812	1		2	0	0	0		1	0.0	0.0		0	0	0	0	0	0	GO(0)	CHASE(8812)
8813	1		2	0	0	0		1	0.0	0.0		0	0	0	0	0	0	GO(0)	CHASE(8813)
8814	1		2	0	0	0		1	0.0	0.0		0	0	0	0	0	0	GO(0)	CHASE(8814)
8815	1		2	0	0	0		1	0.0	0.0		0	0	0	0	0	0	GO(0)	CHASE(8815)
8816	1		2	0	0	0		1	0.0	0.0		0	0	0	0	0	0	GO(0)	CHASE(8816)
8817	1		2	0	0	0		1	0.0	0.0		0	0	0	0	0	0	GO(0)	CHASE(8817)
8818	1		2	0	0	0		1	0.0	0.0		0	0	0	0	0	0	GO(0)	CHASE(8818)
8819	1		2	0	0	0		1	0.0	0.0		0	0	0	0	0	0	GO(0)	CHASE(8819)
8820	1		2	0	0	0		1	0.0	0.0		0	0	0	0	0	0	GO(0)	CHASE(8820)
8821	1		2	0	0	0		1	0.0	0.0		0	0	0	0	0	0	GO(0)	CHASE(8821)
8822	1		2	0	0	0		1	0.0	0.0		0	0	0	0	0	0	GO(0)	CHASE(8822)
8823	1		2	0	0	0		1	0.0	0.0		0	0	0	0	0	0	GO(0)	CHASE(8823)
8824	1		2	0	0	0		1	0.0	0.0		0	0	0	0	0	0	GO(0)	CHASE(8824)
8825	1		2	0	0	0		1	0.0	0.0		0	0	0	0	0	0	GO(0)	CHASE(8825)
8826	1		2	0	0	0		1	0.0	0.0		0	0	0	0	0	0	GO(0)	CHASE(8826)
8827	1		2	0	0	0		1	0.0	0.0		0	0	0	0	0	0	GO(0)	CHASE(8827)
8828	1		2	0	0	0		1	0.0	0.0		0	0	0	0	0	0	GO(0)	CHASE(8828)
8829	1		2	0	0	0		1	0.0	0.0		0	0	0	0	0	0	GO(0)	CHASE(8829)
8830	1		2	0	0	0		1	0.0	0.0		0	0	0	0	0	0	GO(0)	CHASE(8830)
8831	1		2	0	0	0		1	0.0	0.0		0	0	0	0	0	0	GO(0)	CHASE(8831)
8832	1		2	0	0	0		1	0.0	0.0		0	0	0	0	0	0	GO(0)	CHASE(8832)
8833	1		2	0	0	0		1	0.0	0.0		0	0	0	0	0	0	GO(0)	CHASE(8833)
8834	1		2	0	0	0		1	0.0	0.0		0	0	0	0	0	0	GO(0)	CHASE(8834)
8835	1		2	0	0	0		1	0.0	0.0		0	0	0	0	0	0	GO(0)	CHASE(8835)
8836	1		2	0	0	0		1	0.0	0.0		0	0	0	0	0	0	GO(0)	CHASE(8836)
8837	1		2	0	0	0		1	0.0	0.0		0	0	0	0	0	0	GO(0)	CHASE(8837)
8838	1		2	0	0	0		1	0.0	0.0		0	0	0	0	0	0	GO(0)	CHASE(8838)
8839	1		2	0	0	0		1	0.0	0.0		0	0	0	0	0	0	GO(0)	CHASE(8839)
8840	1		2	0	0	0		1	0.0	0.0		0	0	0	0	0	0	GO(0)	CHASE(8840)
8841	1		2	0	0	0		1	0.0	0.0		0	0	0	0	0	0	GO(0)	CHASE(8841)
8842	1		2	0	0	0		1	0.0	0.0		0	0	0	0	0	0	GO(0)	CHASE(8842)
8843	1		2	0	0	0		1	0.0	0.0		0	0	0	0	0	0	GO(0)	CHASE(8843)
8844	1		2	0	0	0		1	0.0	0.0		0	0	0	0	0	0	GO(0)	CHASE(8844)
8845	1		2	0	0	0		1	0.0	0.0		0	0	0	0	0	0	GO(0)	CHASE(8845)
8846	1		2	0	0	0		1	0.0	0.0		0	0	0	0	0	0	GO(0)	CHASE(8846)
8847	1		2	0	0	0		1	0.0	0.0		0	0	0	0	0	0	GO(0)	CHASE(8847)
8848	1		2	0	0	0		1	0.0	0.0		0	0	0	0	0	0	GO(0)	CHASE(8848)
8849	1		2	0	0	0		1	0.0	0.0		0	0	0	0	0	0	GO(0)	CHASE(8849)
8850	1		2	0	0	0		1	0.0	0.0		0	0	0	0	0	0	GO(0)	CHASE(8850)
8851	1		2	0	0	0		1	0.0	0.0		0	0	0	0	0	0	GO(0)	CHASE(8851)
8852	1		2	0	0	0		1	0.0	0.0		0	0	0	0	0	0	GO(0)	CHASE(8852)
8853	1		2	0	0	0		1	0.0	0.0		0	0	0	0	0	0	GO(0)	CHASE(8853)
8854	1		2	0	0	0		1	0.0	0.0		0	0	0	0	0	0	GO(0)	CHASE(8854)
8855	1		2	0	0	0		1	0.0	0.0		0	0	0	0	0	0	GO(0)	CHASE(8855)
8856	1		2	0	0	0		1	0.0	0.0		0	0	0	0	0	0	GO(0)	CHASE(8856)
8857	1		2	0	0	0		1	0.0	0.0		0	0	0	0	0	0	GO(0)	CHASE(8857)
8858	1		2	0	0	0		1	0.0	0.0		0	0	0	0	0	0	GO(0)	CHASE(8858)
8859	1		2	0	0	0		1	0.0	0.0		0	0	0	0	0	0	GO(0)	CHASE(8859)
8860	1		2	0	0	0		1	0.0	0.0		0	0	0	0	0	0	GO(0)	CHASE(8860)
8861	1		2	0	0	0		1	0.0	0.0		0	0	0	0	0	0	GO(0)	CHASE(8861)
8862	1		2	0	0	0		1	0.0	0.0		0	0	0	0	0	0	GO(0)	CHASE(8862)
8863	1		2	0	0	0		1	0.0	0.0		0	0	0	0	0	0	GO(0)	CHASE(8863)
8864	1		2	0	0	0		1	0.0	0.0		0	0	0	0	0	0	GO(0)	CHASE(8864)
8865	1		2	0	0	0		1	0.0	0.0		0	0	0	0	0	0	GO(0)	CHASE(8865)
8866	1		2	0	0	0		1	0.0	0.0		0	0	0	0	0	0	GO(0)	CHASE(8866)
8867	1		2	0	0	0		1	0.0	0.0		0	0	0	0	0	0	GO(0)	CHASE(8867)
8868	1		2	0	0	0		1	0.0	0.0		0	0	0	0	0	0	GO(0)	CHASE(8868)
8869	1		2	0	0	0		1	0.0	0.0		0	0	0	0	0	0	GO(0)	CHASE(8869)
8870	1		2	0	0	0		1	0.0	0.0		0	0	0	0	0	0	GO(0)	CHASE(8870)
8871	1		2	0	0	0		1	0.0	0.0		0	0	0	0	0	0	GO(0)	CHASE(8871)
8872	1		2	0	0	0		1	0.0	0.0		0	0	0	0	0	0	GO(0)	CHASE(8872)
8873	1		2	0	0	0		1	0.0	0.0		0	0	0	0	0	0	GO(0)	CHASE(8873)
8874	1		2	0	0	0		1	0.0	0.0		0	0	0	0	0	0	GO(0)	CHASE(8874)
8875	1		2	0	0	0		1	0.0	0.0		0	0	0	0	0	0	GO(0)	CHASE(8875)
8876	1		2	0	0	0		1	0.0	0.0		0	0	0	0	0	0	GO(0)	CHASE(8876)
8877	1		2	0	0	0		1	0.0	0.0		0	0	0	0	0	0	GO(0)	CHASE(8877)
8878	1		2	0	0	0		1	0.0	0.0		0	0	0	0	0	0	GO(0)	CHASE(8878)
8879	1		2	0	0	0		1	0.0	0.0		0	0	0	0	0	0	GO(0)	CHASE(8879)
8880	1		2	0	0	0		1	0.0	0.0		0	0	0	0	0	0	GO(0)	CHASE(8880)
8881	1		2	0	0	0		1	0.0	0.0		0	0	0	0	0	0	GO(0)	CHASE(8881)
8882	1		2	0	0	0		1	0.0	0.0		0	0	0	0	0	0	GO(0)	CHASE(8882)
8883	1		2	0	0	0		1	0.0	0.0		0	0	0	0	0	0	GO(0)	CHASE(8883)
8884	1		2	0	0	0		1	0.0	0.0		0	0	0	0	0	0	GO(0)	CHASE(8884)
8885	1		2	0	0	0		1	0.0	0.0		0	0	0	0	0	0	GO(0)	CHASE(8885)
8886	1		2	0	0	0		1	0.0	0.0		0	0	0	0	0	0	GO(0)	CHASE(8886)
8887	1		2	0	0	0		1	0.0	0.0		0	0	0	0	0	0	GO(0)	CHASE(8887)
8888	1		2	0	0	0		1	0.0	0.0		0	0	0	0	0	0	GO(0)	CHASE(8888)
8889	1		2	0	0	0		1	0.0	0.0		0	0	0	0	0	0	GO(0)	CHASE(8889)
8890	1		2	0	0	0		1	0.0	0.0		0	0	0	0	0	0	GO(0)	CHASE(8890)
8891	1		2	0	0	0		1	0.0	0.0		0	0	0	0	0	0	GO(0)	CHASE(8891)
8892	1		2	0	0	0		1	0.0	0.0		0	0	0	0	0	0	GO(0)	CHASE(8892)
8893	1		2	0	0	0		1	0.0	0.0		0	0	0	0	0	0	GO(0)	CHASE(8893)
8894	1		2	0	0	0		1	0.0	0.0		0	0	0	0	0	0	GO(0)	CHASE(8894)
8895	1		2	0	0	0		1	0.0	0.0		0	0	0	0	0	0	GO(0)	CHASE(8895)
8896	1		2	0	0	0		1	0.0	0.0		0	0	0	0	0	0	GO(0)	CHASE(8896)
8897	1		2	0	0	0		1	0.0	0.0		0	0	0	0	0	0	GO(0)	CHASE(8897)
8898	1		2	0	0	0		1	0.0	0.0		0	0	0	0	0	0	GO(0)	CHASE(8898)
8899	1		2	0	0	0		1	0.0	0.0		0	0	0	0	0	0	GO(0)	CHASE(8899)
8900	1		2	0	0	0		1	0.0	0.0		0	0	0	0	0	0	GO(0)	CHASE(8900)
8901	1		2	0	0	0		1	0.0	0.0		0	0	0	0	0	0	GO(0)	CHASE(8901)
8902	1		2	0	0	0		1	0.0	0.0		0	0	0	0	0	0	GO(0)	CHASE(8902)
8903	1		2	0	0	0		1	0.0	0.0		0	0	0	0	0	0	GO(0)	CHASE(8903)
8904	1		2	0	0	0		1	0.0	0.0		0	0	0	0	0	0	GO(0)	CHASE(8904)
8905	1		2	0	0	0		1	0.0	0.0		0	0	0	0	0	0	GO(0)	CHASE(8905)
8906	1		2	0	0	0		1	0.0	0.0		0	0	0	0	0	0	GO(0)	CHASE(8906)
8907	1		2	0	0	0		1	0.0	0.0		0	0	0	0	0	0	GO(0)	CHASE(8907)
8908	1		2	0	0	0		1	0.0	0.0		0	0	0	0	0	0	GO(0)	CHASE(8908)
8909	1		2	0	0	0		1	0.0	0.0		0	0	0	0	0	0	GO(0)	CHASE(8909)
8910	1		2	0	0	0		1	0.0	0.0		0	0	0	0	0	0	GO(0)	CHASE(8910)
8911	1		2	0	0	0		1	0.0	0.0		0	0	0	0	0	0	GO(0)	CHASE(8911)
8912	1		2	0	0	0		1	0.0	0.0		0	0	0	0	0	0	GO(0)	CHASE(8912)
8913	1		2	0	0	0		1	0.0	0.0		0	0	0	0	0	0	GO(0)	CHASE(8913)
8914	1		2	0	0	0		1	0.0	0.0		0	0	0	0	0	0	GO(0)	CHASE(8914)
8915	1		2	0	0	0		1	0.0	0.0		0	0	0	0	0	0	GO(0)	CHASE(8915)
8916	1		2	0	0	0		1	0.0	0.0		0	0	0	0	0	0	GO(0)	CHASE(8916)
8917	1		2	0	0	0		1	0.0	0.0		0	0	0	0	0	0	GO(0)	CHASE(8917)
8918	1		2	0	0	0		1	0.0	0.0		0	0	0	0	0	0	GO(0)	CHASE(8918)
8919	1		2	0	0	0		1	0.0	0.0		0	0	0	0	0	0	GO(0)	CHASE(8919)
8920	1		2	0	0	0		1	0.0	0.0		0	0	0	0	0	0	GO(0)	CHASE(8920)
8921	1		2	0	0	0		1	0.0	0.0		0	0	0	0	0	0	GO(0)	CHASE(8921)
8922	1		2	0	0	0		1	0.0	0.0		0	0	0	0	0	0	GO(0)	CHASE(8922)
8923	1		2	0	0	0		1	0.0	0.0		0	0	0	0	0	0	GO(0)	CHASE(8923)
8924	1		2	0	0	0		1	0.0	0.0		0	0	0	0	0	0	GO(0)	CHASE(8924)
8925	1		2	0	0	0		1	0.0	0.0		0	0	0	0	0	0	GO(0)	CHASE(8925)
8926	1		2	0	0	0		1	0.0	0.0		0	0	0	0	0	0	GO(0)	CHASE(8926)
8927	1		2	0	0	0		1	0.0	0.0		0	0	0	0	0	0	GO(0)	CHASE(8927)
8928	1		2	0	0	0		1	0.0	0.0		0	0	0	0	0	0	GO(0)	CHASE(8928)
8929	1		2	0	0	0		1	0.0	0.0		0	0	0	0	0	0	GO(0)	CHASE(8929)
8930	1		2	0	0	0		1	0.0	0.0		0	0	0	0	0	0	GO(0)	CHASE(8930)
8931	1		2	0	0	0		1	0.0	0.0		0	0	0	0	0	0	GO(0)	CHASE(8931)
8932	1		2	0	0	0		1	0.0	0.0		0	0	0	0	0	0	GO(0)	CHASE(8932)
8933	1		2	0	0	0		1	0.0	0.0		0	0	0	0	0	0	GO(0)	CHASE(8933)
8934	1		2	0	0	0		1	0.0	0.0		0	0	0	0	0	0	GO(0)	CHASE(8934)
8935	1		2	0	0	0		1	0.0	0.0		0	0	0	0	0	0	GO(0)	CHASE(8935)
8936	1		2	0	0	0		1	0.0	0.0		0	0	0	0	0	0	GO(0)	CHASE(8936)
8937	1		2	0	0	0		1	0.0	0.0		0	0	0	0	0	0	GO(0)	CHASE(8937)
8938	1		2	0	0	0		1	0.0	0.0		0	0	0	0	0	0	GO(0)	CHASE(8938)
8939	1		2	0	0	0		1	0.0	0.0		0	0	0	0	0	0	GO(0)	CHASE(8939)
8940	1		2	0	0	0		1	0.0	0.0		0	0	0	0	0	0	GO(0)	CHASE(8940)
8941	1		2	0	0	0		1	0.0	0.0		0	0	0	0	0	0	GO(0)	CHASE(8941)
8942	1		2	0	0	0		1	0.0	0.0		0	0	0	0	0	0	GO(0)	CHASE(8942)
8943	1		2	0	0	0		1	0.0	0.0		0	0	0	0	0	0	GO(0)	CHASE(8943)
8944	1		2	0	0	0		1	0.0	0.0		0	0	0	0	0	0	GO(0)	CHASE(8944)
8945	1		2	0	0	0		1	0.0	0.0		0	0	0	0	0	0	GO(0)	CHASE(8945)
8946	1		2	0	0	0		1	0.0	0.0		0	0	0	0	0	0	GO(0)	CHASE(8946)
8947	1		2	0	0	0		1	0.0	0.0		0	0	0	0	0	0	GO(0)	CHASE(8947)
8948	1		2	0	0	0		1	0.0	0.0		0	0	0	0	0	0	GO(0)	CHASE(8948)
8949	1		2	0	0	0		1	0.0	0.0		0	0	0	0	0	0	GO(0)	CHASE(8949)
8950	1		2	0	0	0		1	0.0	0.0		0	0	0	0	0	0	GO(0)	CHASE(8950)
8951	1		2	0	0	0		1	0.0	0.0		0	0	0	0	0	0	GO(0)	CHASE(8951)
8952	1		2	0	0	0		1	0.0	0.0		0	0	0	0	0	0	GO(0)	CHASE(8952)
8953	1		2	0	0	0		1	0.0	0.0		0	0	0	0	0	0	GO(0)	CHASE(8953)
8954	1		2	0	0	0		1	0.0	0.0		0	0	0	0	0	0	GO(0)	CHASE(8954)
8955	1		2	0	0	0		1	0.0	0.0		0	0	0	0	0	0	GO(0)	CHASE(8955)
8956	1		2	0	0	0		1	0.0	0.0		0	0	0	0	0	0	GO(0)	CHASE(8956)
8957	1		2	0	0	0		1	0.0	0.0		0	0	0	0	0	0	GO(0)	CHASE(8957)
8958	1		2	0	0	0		1	0.0	0.0		0	0	0	0	0	0	GO(0)	CHASE(8958)
8959	1		2	0	0	0		1	0.0	0.0		0	0	0	0	0	0	GO(0)	CHASE(8959)
8960	1		2	0	0	0		1	0.0	0.0		0	0	0	0	0	0	GO(0)	CHASE(8960)
8961	1		2	0	0	0		1	0.0	0.0		0	0	0	0	0	0	GO(0)	CHASE(8961)
8962	1		2	0	0	0		1	0.0	0.0		0	0	0	0	0	0	GO(0)	CHASE(8962)
8963	1		2	0	0	0		1	0.0	0.0		0	0	0	0	0	0	GO(0)	CHASE(8963)
8964	1		2	0	0	0		1	0.0	0.0		0	0	0	0	0	0	GO(0)	CHASE(8964)
8965	1		2	0	0	0		1	0.0	0.0		0	0	0	0	0	0	GO(0)	CHASE(8965)
8966	1		2	0	0	0		1	0.0	0.0		0	0	0	0	0	0	GO(0)	CHASE(8966)
8967	1		2	0	0	0		1	0.0	0.0		0	0	0	0	0	0	GO(0)	CHASE(8967)
8968	1		2	0	0	0		1	0.0	0.0		0	0	0	0	0	0	GO(0)	CHASE(8968)
8969	1		2	0	0	0		1	0.0	0.0		0	0	0	0	0	0	GO(0)	CHASE(8969)
8970	1		2	0	0	0		1	0.0	0.0		0	0	0	0	0	0	GO(0)	CHASE(8970)
8971	1		2	0	0	0		1	0.0	0.0		0	0	0	0	0	0	GO(0)	CHASE(8971)
8972	1		2	0	0	0		1	0.0	0.0		0	0	0	0	0	0	GO(0)	CHASE(8972)
8973	1		2	0	0	0		1	0.0	0.0		0	0	0	0	0	0	GO(0)	CHASE(8973)
8974	1		2	0	0	0		1	0.0	0.0		0	0	0	0	0	0	GO(0)	CHASE(8974)
8975	1		2	0	0	0		1	0.0	0.0		0	0	0	0	0	0	GO(0)	CHASE(8975)
8976	1		2	0	0	0		1	0.0	0.0		0	0	0	0	0	0	GO(0)	CHASE(8976)
8977	1		2	0	0	0		1	0.0	0.0		0	0	0	0	0	0	GO(0)	CHASE(8977)
8978	1		2	0	0	0		1	0.0	0.0		0	0	0	0	0	0	GO(0)	CHASE(8978)
8979	1		2	0	0	0		1	0.0	0.0		0	0	0	0	0	0	GO(0)	CHASE(8979)
8980	1		2	0	0	0		1	0.0	0.0		0	0	0	0	0	0	GO(0)	CHASE(8980)
8981	1		2	0	0	0		1	0.0	0.0		0	0	0	0	0	0	GO(0)	CHASE(8981)
8982	1		2	0	0	0		1	0.0	0.0		0	0	0	0	0	0	GO(0)	CHASE(8982)
8983	1		2	0	0	0		1	0.0	0.0		0	0	0	0	0	0	GO(0)	CHASE(8983)
8984	1		2	0	0	0		1	0.0	0.0		0	0	0	0	0	0	GO(0)	CHASE(8984)
8985	1		2	0	0	0		1	0.0	0.0		0	0	0	0	0	0	GO(0)	CHASE(8985)
8986	1		2	0	0	0		1	0.0	0.0		0	0	0	0	0	0	GO(0)	CHASE(8986)
8987	1		2	0	0	0		1	0.0	0.0		0	0	0	0	0	0	GO(0)	CHASE(8987)
8988	1		2	0	0	0		1	0.0	0.0		0	0	0	0	0	0	GO(0)	CHASE(8988)
8989	1		2	0	0	0		1	0.0	0.0		0	0	0	0	0	0	GO(0)	CHASE(8989)
8990	1		2	0	0	0		1	0.0	0.0		0	0	0	0	0	0	GO(0)	CHASE(8990)
8991	1		2	0	0	0		1	0.0	0.0		0	0	0	0	0	0	GO(0)	CHASE(8991)
8992	1		2	0	0	0		1	0.0	0.0		0	0	0	0	0	0	GO(0)	CHASE(8992)
8993	1		2	0	0	0		1	0.0	0.0		0	0	0	0	0	0	GO(0)	CHASE(8993)
8994	1		2	0	0	0		1	0.0	0.0		0	0	0	0	0	0	GO(0)	CHASE(8994)
8995	1		2	0	0	0		1	0.0	0.0		0	0	0	0	0	0	GO(0)	CHASE(8995)
8996	1		2	0	0	0		1	0.0	0.0		0	0	0	0	0	0	GO(0)	CHASE(8996)
8997	1		2	0	0	0		1	0.0	0.0		0	0	0	0	0	0	GO(0)	CHASE(8997)
8998	1		2	0	0	0		1	0.0	0.0		0	0	0	0	0	0	GO(0)	CHASE(8998)
8999	1		2	0	0	0		1	0.0	0.0		0	0	0	0	0	0	GO(0)	CHASE(8999)
9040	1	Icon_Emotion_003	4	0	0	0		1	0.0	0.0		0	0	0	0	0	0	GO(0)	CHASE(9040)
9041	1	Icon_Emotion_003	4	0	0	0		1	0.0	0.0		0	0	0	0	0	0	GO(0)	CHASE(9041)
9042	1	Icon_Emotion_003	4	0	0	0		1	0.0	0.0		0	0	0	0	0	0	GO(0)	CHASE(9042)
9043	1	Icon_Emotion_003	4	0	0	0		1	0.0	0.0		0	0	0	0	0	0	GO(0)	CHASE(9043)
9044	1	Icon_Emotion_003	4	0	0	0		1	0.0	0.0		0	0	0	0	0	0	GO(0)	CHASE(9044)
9045	1	Icon_Emotion_003	4	0	0	0		1	0.0	0.0		0	0	0	0	0	0	GO(0)	CHASE(9045)
9046	1	Icon_Emotion_003	4	0	0	0		1	0.0	0.0		0	0	0	0	0	0	GO(0)	CHASE(9046)
9047	1	Icon_Emotion_003	4	0	0	0		1	0.0	0.0		0	0	0	0	0	0	GO(0)	CHASE(9047)
9048	1	Icon_Emotion_003	4	0	0	0		1	0.0	0.0		0	0	0	0	0	0	GO(0)	CHASE(9048)
9049	1	Icon_Emotion_003	4	0	0	0		1	0.0	0.0		0	0	0	0	0	0	GO(0)	CHASE(9049)
9050	1	Icon_Emotion_003	4	0	0	0		1	0.0	0.0		0	0	0	0	0	0	GO(0)	CHASE(9050)
9051	1	Icon_Emotion_003	4	0	0	0		1	0.0	0.0		0	0	0	0	0	0	GO(0)	CHASE(9051)
9052	1	Icon_Emotion_003	4	0	0	0		1	0.0	0.0		0	0	0	0	0	0	GO(0)	CHASE(9052)
9053	1	Icon_Emotion_003	4	0	0	0		1	0.0	0.0		0	0	0	0	0	0	GO(0)	CHASE(9053)
9054	1	Icon_Emotion_003	4	0	0	0		1	0.0	0.0		0	0	0	0	0	0	GO(0)	CHASE(9054)
9055	1	Icon_Emotion_003	4	0	0	0		1	0.0	0.0		0	0	0	0	0	0	GO(0)	CHASE(9055)
9056	1	Icon_Emotion_003	4	0	0	0		1	0.0	0.0		0	0	0	0	0	0	GO(0)	CHASE(9056)
9057	1	Icon_Emotion_003	4	0	0	0		1	0.0	0.0		0	0	0	0	0	0	GO(0)	CHASE(9057)
9058	1	Icon_Emotion_003	4	0	0	0		1	0.0	0.0		0	0	0	0	0	0	GO(0)	CHASE(9058)
9059	1	Icon_Emotion_003	4	0	0	0		1	0.0	0.0		0	0	0	0	0	0	GO(0)	CHASE(9059)
9060	1	Icon_Emotion_003	4	0	0	0		1	0.0	0.0		0	0	0	0	0	0	GO(0)	CHASE(9060)
9061	1	Icon_Emotion_003	4	0	0	0		1	0.0	0.0		0	0	0	0	0	0	GO(0)	CHASE(9061)
9800	1	Icon_Emotion_003	2	0	0	0		1	0.0	0.0		0	202	0	0	0	0	BUFF_I(1,0,1)\nGENDER_I(2)\nGENDER_I(1)	SKIP(754)\nCHASE(9800)\nCHASE(9850)
9801	1	Icon_Emotion_004	2	0	0	0		1	0.0	0.0		0	202	0	0	0	0	BUFF_I(1,0,1)\nGENDER_I(2)\nGENDER_I(1)	SKIP(754)\nCHASE(9801)\nCHASE(9851)
9802	1	Icon_Emotion_005	2	0	0	0		1	0.0	0.0		0	202	0	0	0	0	BUFF_I(1,0,1)\nGENDER_I(2)\nGENDER_I(1)	SKIP(754)\nCHASE(9802)\nCHASE(9852)
9803	1	Icon_Emotion_001	2	0	0	0		1	0.0	0.0		0	202	0	0	0	0	BUFF_I(1,0,1)\nGENDER_I(2)\nGENDER_I(1)	SKIP(754)\nCHASE(9803)\nCHASE(9853)
9804	1	Icon_Emotion_002	2	0	0	0		1	0.0	0.0		0	202	0	0	0	0	BUFF_I(1,0,1)\nGENDER_I(2)\nGENDER_I(1)	SKIP(754)\nCHASE(9804)\nCHASE(9854)
9805	1	Icon_Emotion_000	2	0	0	0		1	0.0	0.0		0	202	0	0	0	0	BUFF_I(1,0,1)\nGENDER_I(2)\nGENDER_I(1)	SKIP(754)\nCHASE(9805)\nCHASE(9855)
9806	1	Icon_Emotion_008	2	0	0	0		1	0.0	0.0		0	202	0	0	0	0	BUFF_I(1,0,1)\nGENDER_I(2)\nGENDER_I(1)	SKIP(754)\nCHASE(9806)\nCHASE(9856)
9807	1	Icon_Emotion_009	2	0	0	0		1	0.0	0.0		0	202	0	0	0	0	BUFF_I(1,0,1)\nGENDER_I(2)\nGENDER_I(1)	SKIP(754)\nCHASE(9807)\nCHASE(9857)
9808	1	Icon_Emotion_007	2	0	0	0		1	0.0	0.0		0	202	0	0	0	0	BUFF_I(1,0,1)\nGENDER_I(2)\nGENDER_I(1)	SKIP(754)\nCHASE(9808)\nCHASE(9858)
9809	1	Icon_Emotion_006	2	0	0	0		1	0.0	0.0		0	202	0	0	0	0	BUFF_I(1,0,1)\nGENDER_I(2)\nGENDER_I(1)	SKIP(754)\nCHASE(9809)\nCHASE(9859)
9810	1	ICON_DANCE_000	2	0	0	0		1	0.0	0.0		0	202	0	0	0	0	BUFF_I(1,0,1)\nGO(0)	SKIP(754)\nCHASE(9810)
9811	1	ICON_DANCE_001	2	0	0	0		1	0.0	0.0		0	202	0	0	0	0	BUFF_I(1,0,1)\nGO(0)	SKIP(754)\nCHASE(9811)
9812	1	ICON_DANCE_002	2	0	0	0		1	0.0	0.0		0	202	0	0	0	0	BUFF_I(1,0,1)\nGO(0)	SKIP(754)\nCHASE(9812)
9813	1	ICON_DANCE_003	2	0	0	0		1	0.0	0.0		0	202	0	0	0	0	BUFF_I(1,0,1)\nGO(0)	SKIP(754)\nCHASE(9813)
9814	1	ICON_DANCE_004	2	0	0	0		1	0.0	0.0		0	202	0	0	0	0	BUFF_I(1,0,1)\nGO(0)	SKIP(754)\nCHASE(9814)
9815	1	ICON_DANCE_005	2	0	0	0		1	0.0	0.0		0	202	0	0	0	0	BUFF_I(1,0,1)\nGO(0)	SKIP(754)\nCHASE(9815)
9816	1		2	0	0	0		1	0.0	0.0		0	25	0	0	0	0	GO(0)	
9817	1		2	0	0	0		1	0.0	0.0		0	25	0	0	0	0	GO(0)	
9818	1		2	0	0	0		1	0.0	0.0		0	25	0	0	0	0	GO(0)	
9819	1		2	0	0	0		1	0.0	0.0		0	25	0	0	0	0	GENDER_I(2)\nGO(0)	
9820	1		2	0	0	0		1	0.0	0.0		0	25	0	0	0	0	GENDER_I(2)\nGO(0)	
9821	1		2	0	0	0		1	0.0	0.0		0	25	0	0	0	0	GENDER_I(2)\nGO(0)	
9822	1		2	0	0	0		1	0.0	0.0		0	25	0	0	0	0	GO(2)\nGO(1)	
9823	1		2	0	0	0		1	0.0	0.0		0	25	0	0	0	0	GO(0)	
9824	1		2	0	0	0		1	0.0	0.0		0	25	0	0	0	0	GO(0)	
9825	1		2	0	0	0		1	0.0	0.0		0	25	0	0	0	0	GO(0)	
9826	1		2	0	0	0		1	0.0	0.0		0	25	0	0	0	0	GO(0)	
9827	1		2	0	0	0		1	0.0	0.0		0	25	0	0	0	0	GENDER_I(2)\nGO(0)	
9828	1		2	0	0	0		1	0.0	0.0		0	25	0	0	0	0	GENDER_I(2)\nGO(0)	
9829	1		2	0	0	0		1	0.0	0.0		0	25	0	0	0	0	GENDER_I(1)\nGO(0)	
9901	1		2	0	0	0		1	0.0	0.0		0	25	0	0	0	0	GO(0)	
9902	1		2	0	0	0		1	0.0	0.0		0	120	4	0	0	0	GO(0)	CHASE(9902)
9903	1		2	0	0	0		1	0.0	0.0		0	120	0	0	0	0	GO(0)	CHASE(9903)
9904	1		2	0	0	0		1	0.0	0.0		0	120	0	0	0	0	GO(0)	CHASE(9904)
9905	1		2	0	0	0		1	0.0	0.0		0	120	0	0	0	0	GO(0)	CHASE(9905)
9906	1		2	0	0	0		1	0.0	0.0		0	120	0	0	0	0	GO(0)	CHASE(9906)
9907	1		2	0	0	0		1	0.0	0.0		0	0	0	0	0	0	GO(0)	CHASE(9907)
9908	1		2	0	0	0		1	0.0	0.0		0	0	0	0	0	0	GO(0)	CHASE(9908)
9909	1		2	0	0	0		1	0.0	0.0		0	0	0	0	0	0	GO(0)	CHASE(9909)
9910	1		2	0	0	0		1	0.0	0.0		0	0	0	0	0	0	GO(0)	CHASE(9910)
9911	1		2	0	0	0		1	0.0	0.0		0	0	0	0	0	0	GO(0)	CHASE(9911)
9912	1		2	0	0	0		1	0.0	0.0		0	0	0	0	0	0	GO(0)	CHASE(9912)
9913	1		2	0	0	0		1	0.0	0.0		0	0	0	0	0	0	GO(0)	CHASE(9913)
9914	1		2	0	0	0		1	0.0	0.0		0	0	0	0	0	0	GO(0)	CHASE(9914)
9915	1		2	0	0	0		1	0.0	0.0		0	0	1	0	0	0	ENEMY_BACK(0)\nGO(0)	CHASE(40016)\nCHASE(40014)
9916	1		2	0	0	0		1	0.0	0.0		0	0	0	0	0	0	GO(0)	CHASE(9916)
9917	1		2	0	0	0		1	0.0	0.0		0	0	0	0	0	0	GO(0)	CHASE(9917)
9918	1		2	0	0	0		1	0.0	0.0		0	0	0	0	0	0	GO(0)	CHASE(9918)
9919	1		2	0	0	0		1	0.0	0.0		0	0	0	0	0	0	GO(0)	CHASE(9919)
9924	1	IB001	2	0	0	0		1	1.0	1.0		0	1	0	0	0	0	GO(0)	CHASE(9924)
9925	1	IB002	2	0	0	0		1	1.0	1.0		0	1	0	0	0	0	GO(0)	CHASE(9925)
9926	1	IB003	2	0	0	0		1	1.0	1.0		0	1	0	0	0	0	GO(0)	CHASE(9926)
9927	1	IB004	2	0	0	0		1	1.0	1.0		0	1	0	0	0	0	GO(0)	CHASE(9927)
9928	1	IB005	2	0	0	0		1	1.0	1.0		0	1	0	0	0	0	GO(0)	CHASE(9928)
9929	1	IB006	2	0	0	0		1	1.0	1.0		0	1	0	0	0	0	GO(0)	CHASE(9929)
9930	1	IB007	2	0	0	0		1	1.0	1.0		0	1	0	0	0	0	GO(0)	CHASE(9930)
9931	1	IB008	2	0	0	0		1	1.0	1.0		0	1	0	0	0	0	GO(0)	CHASE(9931)
9932	1	IB009	2	0	0	0		1	1.0	1.0		0	1	0	0	0	0	GO(0)	CHASE(9932)
9933	1	IB010	2	0	0	0		1	1.0	1.0		0	1	0	0	0	0	GO(0)	CHASE(9933)
9934	1	IB011	2	0	0	0		1	1.0	1.0		0	1	0	0	0	0	GO(0)	CHASE(9934)
9935	1	IB012	2	0	0	0		1	1.0	1.0		0	1	0	0	0	0	GO(0)	CHASE(9935)
9936	1	IB013	2	0	0	0		1	1.0	1.0		0	1	0	0	0	0	GO(0)	CHASE(9936)
9937	1	IB014	2	0	0	0		1	1.0	1.0		0	1	0	0	0	0	GO(0)	CHASE(9937)
9938	1	IB015	2	0	0	0		1	1.0	1.0		0	1	0	0	0	0	GO(0)	CHASE(9938)
9939	1	IB016	2	0	0	0		1	1.0	1.0		0	1	0	0	0	0	GO(0)	CHASE(9939)
9940	1	IB017	2	0	0	0		1	1.0	1.0		0	1	0	0	0	0	GO(0)	CHASE(9940)
9941	1	IB018	2	0	0	0		1	1.0	1.0		0	1	0	0	0	0	GO(0)	CHASE(9941)
9942	1	IB019	2	0	0	0		1	1.0	1.0		0	1	0	0	0	0	GO(0)	CHASE(9942)
9943	1	IB020	2	0	0	0		1	1.0	1.0		0	1	0	0	0	0	GO(0)	CHASE(9943)
9944	1	IB021	2	0	0	0		1	1.0	1.0		0	1	0	0	0	0	GO(0)	CHASE(9944)
9945	1	IB022	2	0	0	0		1	1.0	1.0		0	1	0	0	0	0	GO(0)	CHASE(9945)
9946	1	IB023	3	0	0	0		1	1.0	1.0		0	1	0	0	0	0	GO(0)	CHASE(9946)
9947	1	IB024	2	0	0	0		1	1.0	1.0		0	1	0	0	0	0	GO(0)	CHASE(9947)
9948	1	IB025	2	0	0	0		1	1.0	1.0		0	1	0	0	0	0	GO(0)	CHASE(9948)
9949	1	IB026	2	0	0	0		1	1.0	1.0		0	1	0	0	0	0	GO(0)	CHASE(9949)
9950	1	IB027	2	0	0	0		1	1.0	1.0		0	1	0	0	0	0	GO(0)	CHASE(9950)
9951	1	IB028	2	0	0	0		1	1.0	1.0		0	1	0	0	0	0	GO(0)	CHASE(9951)
9952	1	IB029	2	0	0	0		1	1.0	1.0		0	1	0	0	0	0	GO(0)	CHASE(9952)
9953	1	IB030	2	0	0	0		1	1.0	1.0		0	1	0	0	0	0	GO(0)	CHASE(9953)
9995	1		2	0	0	0		1	0.0	0.0		0	0	0	0	0	0	GO(0)	CHASE(9995)
9996	1		2	0	0	0		1	0.0	0.0		0	5119	0	0	0	0	GO(0)	CHASE(9996)
9997	1		2	0	0	0		1	0.0	0.0		0	107	0	0	0	0	GO(0)	CHASE(9997)
9998	1		2	0	0	0		1	0.0	0.0		0	0	0	0	0	0	GO(0)	CHASE(9998)
9999	1		2	0	0	0		1	0.0	0.0		0	5103	0	0	0	0	GO(0)	CHASE(9999)
10000	1		2	0	0	0		1	0.0	0.0		0	120	0	0	0	0	HP_I=(1)\nGO(0)	SKIP(602)\nCHASE(10000)
10001	1		2	0	0	0		1	0.0	0.0		0	120	0	0	0	0	HP_I=(1)\nGO(0)	SKIP(602)\nCHASE(10001)
10002	1		2	0	0	0		1	0.0	0.0		0	120	0	0	0	0	HP_I=(1)\nGO(0)	SKIP(602)\nCHASE(10002)
10003	1		2	0	0	0		1	0.0	0.0		0	120	0	0	0	0	HP_I=(1)\nGO(0)	SKIP(602)\nCHASE(10003)
10004	1		2	0	0	0		1	0.0	0.0		0	120	0	0	0	0	HP_I=(1)\nGO(0)	SKIP(602)\nCHASE(10004)
10005	1		2	0	0	0		1	0.0	0.0		0	120	0	0	0	0	HP_I=(1)\nGO(0)	SKIP(602)\nCHASE(10005)
10006	1		2	0	0	0		1	0.0	0.0		0	120	0	0	0	0	HP_I=(1)\nGO(0)	SKIP(602)\nCHASE(10006)
10007	1		2	0	0	0		1	0.0	0.0		0	120	0	0	0	0	HP_I=(1)\nGO(0)	SKIP(602)\nCHASE(10007)
10008	1		2	0	0	0		1	0.0	0.0		0	137	0	0	0	0	HP_I=(1)\nGO(0)	SKIP(602)\nCHASE(10008)
10009	1		2	0	0	0		1	0.0	0.0		0	120	0	0	0	0	HP_I=(1)\nGO(0)	SKIP(602)\nCHASE(10009)
10010	1		2	0	0	0		1	0.0	0.0		0	120	0	0	0	0	HP_I=(1)\nGO(0)	SKIP(602)\nCHASE(10010)
10011	1		2	0	0	0		1	0.0	0.0		0	120	0	0	0	0	HP_I=(1)\nGO(0)	SKIP(602)\nCHASE(10011)
10012	1		2	0	0	0		1	0.0	0.0		0	120	0	0	0	0	HP_I=(1)\nGO(0)	SKIP(602)\nCHASE(10012)
10013	1		2	0	0	0		1	0.0	0.0		0	120	0	0	0	0	HP_I=(1)\nGO(0)	SKIP(602)\nCHASE(10013)
10014	1		2	0	0	0		1	0.0	0.0		0	143	0	0	0	0	HP_I=(1)\nGO(0)	SKIP(602)\nCHASE(10014)
10015	1		2	0	0	0		1	0.0	0.0		0	143	0	0	0	0	HP_I=(1)\nGO(0)	SKIP(602)\nCHASE(10015)
10020	1		2	0	0	0		1	0.0	0.0		0	145	0	0	0	0	HP_I=(1)\nISBATTLE_I(1)\nGO(0)	SKIP(602)\nSKIP(877)\nCHASE(10020)
10021	1		2	0	0	0		1	0.0	0.0		0	145	0	0	0	0	HP_I=(1)\nISBATTLE_I(1)\nGO(0)	SKIP(602)\nSKIP(877)\nCHASE(10021)
10022	1		2	0	0	0		1	0.0	0.0		0	145	0	0	0	0	HP_I=(1)\nISBATTLE_I(1)\nGO(0)	SKIP(602)\nSKIP(877)\nCHASE(10022)
10023	1		2	0	0	0		1	0.0	0.0		0	145	0	0	0	0	HP_I=(1)\nISBATTLE_I(1)\nGO(0)	SKIP(602)\nSKIP(877)\nCHASE(10023)
10024	1		2	0	0	0		1	0.0	0.0		0	145	0	0	0	0	HP_I=(1)\nISBATTLE_I(1)\nGO(0)	SKIP(602)\nSKIP(877)\nCHASE(10024)
10025	1		2	0	0	0		1	0.0	0.0		0	145	0	0	0	0	HP_I=(1)\nISBATTLE_I(1)\nGO(0)	SKIP(602)\nSKIP(877)\nCHASE(10025)
10026	1		2	0	0	0		1	0.0	0.0		0	145	0	0	0	0	HP_I=(1)\nISBATTLE_I(1)\nGO(0)	SKIP(602)\nSKIP(877)\nCHASE(10026)
10027	1		2	0	0	0		1	0.0	0.0		0	145	0	0	0	0	HP_I=(1)\nISBATTLE_I(1)\nGO(0)	SKIP(602)\nSKIP(877)\nCHASE(10027)
10028	1		2	0	0	0		1	0.0	0.0		0	145	0	0	0	0	HP_I=(1)\nISBATTLE_I(1)\nGO(0)	SKIP(602)\nSKIP(877)\nCHASE(10028)
10029	1		2	0	0	0		1	0.0	0.0		0	145	0	0	0	0	HP_I=(1)\nISBATTLE_I(1)\nGO(0)	SKIP(602)\nSKIP(877)\nCHASE(10029)
40000	1	ICON_Class_Gladiator_s	1	1	0	0		1	1.0	1.0		40000	0	0	0	0	0		
40001	5	IS124	2	1	0	0		4294967295	0.4000000059604645	1.0		40001	4001	1	1	1	7	KD_ENEMY(1);RANGE(40110)\nRANGE(40001)	CHASE(40110)\nCHASE(40001)
40002	5	IS1000	2	1	0	0		4294967295	0.4000000059604645	1.0		40002	0	0	1	1	0	RANGE(40122);BUFF_I(40122,0,1)\nRANGE(40121);BUFF_I(40121,0,1)\nRANGE(40120);BUFF_I(40120,0,1)\nRANGE(40002)	CHASE(40122)\nCHASE(40121)\nCHASE(40120)\nCHASE(40002)
40003	45	IS110	2	1	0	20		4294967295	0.4000000059604645	1.0		40003	4003	1	1	1	7	RANGE(40003)	CHASE(40003)
40004	15	IS1041	2	1	0	0		4294967295	0.4000000059604645	1.0		40004	0	0	1	1	10	BUFF_I(298,0,1);BUFF_I(40144,0,1)\nBUFF_I(298,0,1);BUFF_I(40143,0,1)\nBUFF_I(298,0,1);BUFF_I(40142,0,1)\nBUFF_I(298,0,1);BUFF_I(40141,0,1)\nBUFF_I(298,0,1);BUFF_I(40140,0,1)\nBUFF_I(298,0,1);BUFF_I(40140,0,0)\nBUFF_I(40144,0,1)\nBUFF_I(40142,0,1)\nBUFF_I(40141,0,1)\nGO(0)	CHASE(40143)\nCHASE(40143)\nCHASE(40142)\nCHASE(40141)\nCHASE(40140)\nCHASE(40004)\nCHASE(40146)\nCHASE(40145)\nCHASE(40144)\nSKIP(729)
40005	115	IS1031	2	1	0	140		4294967295	0.4000000059604645	1.0		40005	4005	0	1	1	30	BUFF_I(298,0,3)\nGO(0)	CHASE(40005)\nSKIP(731)
40006	40	IB041	2	1	0	10		4294967295	0.4000000059604645	1.0		40006	4006	0	1	1	8	GO(0)	CHASE(40006)
40007	90	IS106	2	1	1	120		4294967295	0.4000000059604645	1.0		40007	4007	1	1	1	20	HP_ENEMY>(0.6);RANGE(40170)\nRANGE(40007)	CHASE(40170)\nCHASE(40007)
40008	50	IS40008	2	1	0	30		4294967295	0.4000000059604645	1.0		40008	4008	1	1	1	0	BUFF_I(298,0,1);RANGE(40008)\nGO(0)	CHASE(40008)\nSKIP(729)
40009	75	IS113	2	1	0	80		4294967295	0.4000000059604645	1.0		40009	4009	0	1	1	0	GO(0)	CHASE(40009)
40010	35	IS107	2	1	1	0		4294967295	0.4000000059604645	1.0		40010	4010	1	1	1	18	RANGE(40010)	CHASE(40010)
40011	65	IS1021	2	1	0	60		4294967295	0.4000000059604645	1.0		40011	4011	0	1	1	35	BUFF_I(298,0,5)\nGO(0)	CHASE(40210)\nCHASE(40011)
40012	25	IS40012	2	1	1	0		4294967295	0.4000000059604645	1.0		40012	4012	0	1	1	16	GO(0)	CHASE(40012)
40013	40	I_PER1_1	1	1	0	0	40000;1	1	8.0	1.0		40013	0	0	0	0	0		
40014	5	IS101	2	1	1	0		4294967295	0.4000000059604645	1.0		40014	4014	1	1	1	15	BUFF_ENEMY(7151,0,1)\nRANGE(40014)	CHASE(40240)\nCHASE(40014)
40015	85	IS109	2	1	0	110		4294967295	0.4000000059604645	1.0		40015	4015	1	1	1	25	BUFF_I(298,0,2);RANGE(40015)\nGO(0)	CHASE(40015)\nSKIP(730)
40016	20	IS1240	2	1	0	0		4294967295	0.4000000059604645	1.0		40016	4016	1	1	1	18	BUFF_ENEMY(7151,0,1)\nKD_ENEMY(1);RANGE(40260)\nRANGE(40016)	CHASE(40261)\nCHASE(40260)\nCHASE(40016)
40017	60	IS111	2	1	0	50		1	4.0	1.0		0	4017	0	1	1	12	GO(0)	CHASE(40017)
40018	55	IS105	2	1	1	40		1	4.0	1.0		0	4018	0	1	1	0	GO(0)	CHASE(40018)
40019	70	IB022	2	1	0	70		1	4.0	1.0		0	4019	0	1	1	25	BUFF_I(298,0,1)\nGO(0)	CHASE(40019)\nSKIP(729)
40020	80	IS104	2	1	0	100		4294967295	0.4000000059604645	1.0		0	4020	0	1	1	30	BUFF_I(298,0,5)\nBUFF_I(298,0,4)\nBUFF_I(298,0,3)\nBUFF_I(298,0,1)\nGO(0)	CHASE(40302)\nCHASE(40301)\nCHASE(40300)\nCHASE(40020)\nSKIP(729)
40021	30	IB008	2	1	1	1		1	4.0	1.0		0	4021	0	1	1	0	GO(0)	CHASE(40021)
40022	80	I_PER1_2	1	1	0	90	40013;1	1	8.0	1.0		40022	0	0	0	0	0		
40023	15	IS108	2	1	0	0		4294967295	0.4000000059604645	1.0		40023	4023	1	1	1	5	RANGE(40023)	CHASE(40023)
40024	100	IS40024	2	1	0	130		4294967295	0.4000000059604645	1.0		40024	4024	0	1	1	20	BUFF_I(298,0,5)\nBUFF_I(298,0,4)\nBUFF_I(298,0,3)\nGO(0)	CHASE(40342)\nCHASE(40341)\nCHASE(40340)\nCHASE(40024)
40025	120	I_PER1_3	1	1	0	150	40022;1	1	8.0	1.0		40025	0	0	0	0	0		
40140	15		2	1	0	0		4294967295	0.4000000059604645	1.0		40004	0	0	1	1	0	BUFF_I(40144,0,1)\nBUFF_I(40142,0,1)\nBUFF_I(40140,0,1)\nGO(0)	CHASE(40146)\nCHASE(40145)\nCHASE(40144)\nCHASE(40144)
40250	1	IS109	2	0	0	0		1	1.0	1.0		0	0	1	1	1	0	GO(0)	CHASE(40250)
40251	1	IS109	2	0	0	0		1	1.0	1.0		0	0	1	1	1	0	GO(0)	CHASE(40251)
40252	1	IS109	2	0	0	0		1	1.0	1.0		0	0	1	1	1	0	GO(0)	CHASE(40252)
41000	1	ICON_Class_Sniper_s	1	4	0	0		1	1.0	1.0		41000	0	0	0	0	0		
41001	15	IS134	2	4	0	0		4294967295	0.4000000059604645	1.0		41001	4101	1	16	0	15	KD_ENEMY(1);RANGE(41110)\nRANGE(41001)	CHASE(41110)\nCHASE(41001)
41002	60	IS127	2	4	0	50		4294967295	0.4000000059604645	1.0		41002	4102	0	16	0	25	GO(0)	CHASE(41002)
41003	20	IB003	2	4	1	0		1	4.0	1.0		0	4103	0	16	0	0	GO(0)	CHASE(41003)
41004	55	IS200	2	4	0	40		1	4.0	1.0		0	4104	0	16	0	0	BUFF_I(298,0,1)\nGO(0)	CHASE(41004)\nSKIP(729)
41005	65	IS41005	2	4	0	60		1	4.0	1.0		0	4105	0	16	0	0	BUFF_I(298,0,1)\nGO(0)	CHASE(41005)\nSKIP(729)
41006	75	IS130	2	4	1	80		1	4.0	1.0		0	4106	0	16	0	18	GO(0)	CHASE(41006)
41007	40	I_INT3_1	1	4	0	0	41000;1	1	8.0	1.0		41007	0	0	0	0	0		
41008	25	IS41008	2	4	1	0		4294967295	0.4000000059604645	1.0		0	4108	4	16	0	18	GO(0)	CHASE(41008)
41009	100	IS41009	2	4	0	130		4294967295	0.4000000059604645	1.0		0	4109	4	16	0	25	BUFF_I(298,0,1)\nGO(0)	CHASE(41009)\nSKIP(729)
41010	80	I_INT3_2	1	4	0	90	41007;1	1	8.0	1.0		41010	0	0	0	0	0		
41011	5	IS120	2	4	0	0		4294967295	0.4000000059604645	1.0		41011	0	1	16	0	0	RANGE(41011)	CHASE(41011)
41012	15	IS131	2	4	0	0		4294967295	0.4000000059604645	1.0		41012	4112	1	16	0	18	RANGE(41222);BUFF_I(298,0,5)\nRANGE(41221);BUFF_I(298,0,4)\nRANGE(41220);BUFF_I(298,0,3)\nRANGE(41012)	CHASE(41222)\nCHASE(41221)\nCHASE(41220)\nCHASE(41012)
41013	30	IS1201	2	4	0	1		4294967295	0.4000000059604645	1.0		41013	4113	1	16	0	25	BUFF_I(298,0,1);RANGE(41013)\nGO(0)	CHASE(41013)\nSKIP(729)
41014	5	IS132	2	4	1	0		4294967295	0.4000000059604645	1.0		41014	4114	1	16	0	15	RANGE(41014)	CHASE(41014)
41015	80	IS1200	2	4	0	100		4294967295	0.4000000059604645	1.0		41015	4115	1	16	0	0	RANGE(41015);BUFF_I(298,0,1)\nGO(0)	CHASE(41015)\nSKIP(729)
41016	90	IB039	2	4	1	120		4294967295	0.4000000059604645	1.0		41016	4116	1	16	0	18	RANGE(41016)	CHASE(41016)
41017	45	IS123	2	4	0	20		4294967295	0.4000000059604645	1.0		41017	4117	1	16	0	0	RANGE(41017);BUFF_I(298,0,1)\nGO(0)	CHASE(41017)\nSKIP(729)
41018	115	IS1211	2	4	0	140		4294967295	0.4000000059604645	1.0		41018	4118	4	16	0	60	RANGE(41018);BUFF_I(298,0,3)\nGO(0)	CHASE(41018)\nSKIP(731)
41019	40	IS129	2	4	0	10		4294967295	0.4000000059604645	1.0		41019	4119	4	16	0	15	RANGE(41019)	CHASE(41019)
41020	5	IS1230	2	4	0	0		4294967295	0.4000000059604645	1.0		41020	4120	4	16	0	18	RANGE(41302);BUFF_I(298,0,5)\nRANGE(41301);BUFF_I(298,0,4)\nRANGE(41300);BUFF_I(298,0,3)\nRANGE(41020)	CHASE(41302)\nCHASE(41301)\nCHASE(41300)\nCHASE(41020)
41021	85	IS128	2	4	0	110		4294967295	0.4000000059604645	1.0		41021	4121	0	16	0	0	BUFF_I(298,0,1)\nGO(0)	CHASE(41021)\nSKIP(729)
41022	35	IS125	2	4	0	0		4294967295	0.4000000059604645	1.0		41022	4122	0	16	0	0	GO(0)	CHASE(41022)
41023	70	IS170	2	4	0	70		4294967295	0.4000000059604645	1.0		41023	4123	0	16	0	0	GO(0)	CHASE(41023)
41024	50	IS126	2	4	0	30		4294967295	0.4000000059604645	1.0		41024	4124	4	16	0	18	RANGE(41024)	CHASE(41024)
41025	120	I_INT3_3	1	4	0	150	41010;1	1	8.0	1.0		41025	0	0	0	0	0		
42000	1	ICON_Class_Necromancer_s	1	16	0	0		1	1.0	1.0		42000	0	0	0	0	0		
42001	5	IS42001	2	16	0	0		4294967295	0.4000000059604645	1.0		42001	4201	0	8	0	15	GO(0)	CHASE(42001)
42002	55	IS1811	2	16	0	40		4294967295	0.4000000059604645	1.0		42002	4202	0	8	0	25	BUFF_I(298,0,3)\nBUFF_I(298,0,2)\nBUFF_I(298,0,1)\nGO(0)	CHASE(42122)\nCHASE(42121)\nCHASE(42120)\nCHASE(42002)
42003	40	IS167	2	16	0	10		4294967295	0.4000000059604645	1.0		42003	4203	0	8	0	15	BUFF_I(298,0,1)\nGO(0)	CHASE(42003)\nSKIP(729)
42004	40	I_INT5_1	1	16	0	0	42000;1	1	8.0	1.0		42004	0	0	0	0	0		
42005	50	IS42005	2	16	1	30		4294967295	0.4000000059604645	1.0		42005	4205	0	8	0	20	GO(0)	CHASE(42150)
42006	45	IS42006	2	16	0	20		4294967295	0.4000000059604645	1.0		42006	0	0	8	0	75	GO(0)	CHASE(42160)
42007	115	IS42007	2	16	0	140		4294967295	0.4000000059604645	1.0		42007	4207	0	8	0	50	BUFF_I(298,0,5)\nGO(0)	CHASE(42007)\nSKIP(733)
42008	5	IS171	2	16	0	0		4294967295	0.4000000059604645	1.0		42008	0	1	8	0	5	RANGE(42008);BUFF_I(42181,0,1)\nRANGE(42008);BUFF_I(42180,0,1)\nRANGE(42008)	CHASE(42181)\nCHASE(42180)\nCHASE(42008)
42009	15	IS42009	2	16	1	0		4294967295	0.4000000059604645	1.0		42009	4209	1	8	0	15	RANGE(42009)	CHASE(42009)
42010	30	IS42010	2	16	1	1		4294967295	0.4000000059604645	1.0		42010	4210	1	8	0	15	RANGE(42010)	CHASE(42010)
42011	15	IS165	2	16	0	0		4294967295	0.4000000059604645	1.0		42011	4211	1	8	0	15	RANGE(42210);BUFF_I(298,0,3)\nRANGE(42011)	CHASE(42210)\nCHASE(42011)
42012	35	IS1820	2	16	0	0		1	4.0	1.0		0	4212	1	8	0	20	RANGE(42220);ENEMY_TARGET_ISPLAYER(1)\nRANGE(42012)	CHASE(42220)\nCHASE(42012)
42013	5	IS169	2	16	0	0		4294967295	0.4000000059604645	1.0		42013	0	1	8	0	0	RANGE(42013)	CHASE(42013)
42014	20	IS1810	2	16	0	0		4294967295	0.4000000059604645	1.0		42014	4214	1	8	0	0	RANGE(42240);BUFF_I(298,0,1)\nRANGE(42014)	CHASE(42240)\nCHASE(42014)
42015	25	IS166	2	16	1	0		1	4.0	1.0		0	4215	2	8	0	0	GO(0)	CHASE(42015)
42016	80	I_INT5_2	1	16	0	90	42004;1	1	8.0	1.0		42016	0	0	0	0	0		
42017	60	IS163	2	16	0	50		4294967295	0.4000000059604645	1.0		42017	4217	0	8	0	25	GO(0)	CHASE(42017)
42018	75	IS1801	2	16	0	80		4294967295	0.4000000059604645	1.0		42018	4218	4	8	0	20	GO(0)	CHASE(42018)
42019	80	IS1841	2	16	0	100		4294967295	0.4000000059604645	1.0		42019	4219	4	8	0	30	BUFF_I(298,0,1)\nGO(0)	CHASE(42019)\nSKIP(729)
42020	100	IS42020	2	16	0	130		4294967295	0.4000000059604645	1.0		42020	4220	0	8	0	50	BUFF_I(298,0,5)\nGO(0)	CHASE(42020)\nSKIP(733)
42021	85	IS133	2	16	0	110		4294967295	0.4000000059604645	1.0		42021	4221	4	8	0	50	BUFF_I(298,0,3)\nGO(0)	CHASE(42021)\nSKIP(731)
42022	70	IS1642	2	16	0	70		4294967295	0.4000000059604645	1.0		42022	4222	0	8	0	0	BUFF_I(298,0,1)\nGO(0)	CHASE(42022)\nSKIP(729)
42023	65	IB034	2	16	1	60		4294967295	0.4000000059604645	1.0		42023	4223	0	8	0	20	GO(0)	CHASE(42023)
42024	90	IB035	2	16	1	120		4294967295	0.4000000059604645	1.0		42024	4224	0	8	0	20	GO(0)	CHASE(42024)
42025	120	I_INT5_3	1	16	0	150	42016;1	1	8.0	1.0		42025	0	0	0	0	0		
42026	60	IS42026	2	16	0	50		4294967295	0.4000000059604645	1.0		42026	4226	0	8	0	25	BUFF_I(298,0,1)\nGO(0)	CHASE(42026)\nSKIP(729)
43000	1	ICON_Class_Paladin_s	1	2	0	0		1	1.0	1.0		43000	0	0	0	0	0		
43001	90	IS43001	2	2	1	120		4294967295	0.4000000059604645	1.0		43001	4301	4	2	4	18	RANGE(43001)	CHASE(43001)
43002	30	IS140	2	2	1	1		4294967295	0.4000000059604645	1.0		0	4302	0	2	4	0	GO(0)	CHASE(43002)
43003	5	IS43003	2	2	0	0		4294967295	0.4000000059604645	1.0		43003	0	1	2	4	0	BUFF_I(43131,0,1)\nBUFF_I(43130,0,1)\nGO(0)	CHASE(43131)\nCHASE(43130)\nCHASE(43003)
43004	55	IS147	2	2	1	40		4294967295	0.4000000059604645	1.0		0	4304	0	2	4	12	GO(0)	CHASE(43004)
43005	65	IS43005	2	2	0	60		4294967295	0.4000000059604645	1.0		43005	4305	0	2	4	18	BUFF_I(298,0,1)\nGO(0)	CHASE(43005)\nSKIP(729)
43006	25	IS147a	2	2	0	0		4294967295	0.4000000059604645	1.0		43006	4306	0	2	4	0	GO(0)	CHASE(43006)
43007	15	IS1410	2	2	1	0		4294967295	0.4000000059604645	1.0		43007	4307	1	2	4	12	RANGE(43007)	CHASE(43007)
43008	5	IS143	2	2	0	0		4294967295	0.4000000059604645	1.0		43008	4308	1	2	4	0	KD_ENEMY(1,0);RANGE(43180)\nRANGE(43008)	CHASE(43180)\nCHASE(43008)
43009	85	IB017	2	2	0	110		4294967295	0.4000000059604645	1.0		43009	4309	1	2	4	0	RANGE(43009)	CHASE(43009)
43010	70	IS141	2	2	0	70		4294967295	0.4000000059604645	1.0		43010	4310	1	2	4	18	BUFF_I(298,0,3);HP_ENEMY<(0.3);RANGE(43010)\nHP_ENEMY<(0.2);RANGE(43010)\nRANGE(43010)	CHASE(43200)\nCHASE(43200)\nCHASE(43010)
43011	15	IS1431	2	2	0	0		4294967295	0.4000000059604645	1.0		43011	4311	1	2	4	15	BUFF_I(298,0,1);RANGE(43011)\nGO(0)	CHASE(43011)\nSKIP(729)
43012	50	IB000	2	2	0	30		4294967295	0.4000000059604645	1.0		0	4312	0	2	4	25	BUFF_I(298,0,1)\nGO(0)	CHASE(43012)\nSKIP(729)
43013	45	IS43013	2	2	0	20		4294967295	0.4000000059604645	1.0		43013	0	1	2	4	10	BUFF_I(298,0,1);BUFF_I(43232,0,1)\nBUFF_I(298,0,1);BUFF_I(43231,0,1)\nBUFF_I(298,0,1);BUFF_I(43230,0,1)\nBUFF_I(298,0,1)\nGO(0)	CHASE(43232)\nCHASE(43231)\nCHASE(43230)\nCHASE(43013)\nSKIP(729)
43014	20	IS43014	2	2	1	0		4294967295	0.4000000059604645	1.0		0	4314	0	2	4	12	GO(0)	CHASE(43014)
43015	60	IB010	2	2	1	50		4294967295	0.4000000059604645	1.0		0	4314	0	2	4	12	GO(0)	CHASE(43015)
43016	75	IS144	2	2	1	80		4294967295	0.4000000059604645	1.0		0	4314	0	2	4	12	GO(0)	CHASE(43016)
43017	115	IS43017	2	2	1	140		4294967295	0.4000000059604645	1.0		0	4317	0	2	4	0	GO(0)	CHASE(43017)
43018	40	IS1400	2	2	0	10		1	0.4000000059604645	1.0		0	4318	0	2	4	0	GO(0)	CHASE(43018)
43019	35	IS43019	2	2	0	0		4294967295	0.4000000059604645	1.0		43019	4319	2	2	4	15	RANGE(43019)	CHASE(43019)
43020	100	IS43020	2	2	0	130		4294967295	0.4000000059604645	1.0		43020	4320	0	2	4	20	BUFF_I(298,0,2)\nGO(0)	CHASE(43020)\nSKIP(730)
43021	5	IS43021	2	2	0	0		4294967295	0.4000000059604645	1.0		0	4321	1	2	4	9	RANGE(43021)	CHASE(43021)
43022	80	IB006	2	2	0	100		4294967295	0.4000000059604645	1.0		43022	4322	1	2	4	15	BUFF_I(298,0,1);RANGE(43022);DISTANCE_ENEMY>(800)\nBUFF_I(298,0,1);RANGE(43022);DISTANCE_ENEMY>(600)\nBUFF_I(298,0,1);RANGE(43022);DISTANCE_ENEMY>(400)\nBUFF_I(298,0,1);RANGE(43022);DISTANCE_ENEMY>(200)\nBUFF_I(298,0,1);RANGE(43022)\nGO(0)	CHASE(43022)\nCHASE(43320)\nCHASE(43321)\nCHASE(43322)\nCHASE(43323)\nSKIP(729)
43023	40	I_CON5_1	1	2	0	0	43000;1	1	8.0	1.0		43023	0	0	0	0	0		
43024	80	I_CON5_2	1	2	0	90	43023;1	1	8.0	1.0		43024	0	0	0	0	0		
43025	120	I_CON5_3	1	2	0	150	43024;1	1	8.0	1.0		43025	0	0	0	0	0		
43210	1	IB003	2	0	0	0		1	1.0	1.0		0	0	1	2	4	0	RANGE(43210)	CHASE(1470)
44000	1	ICON_Class_Sorcerer_s	1	32	0	0		1	1.0	1.0		44000	0	0	0	0	0		
44001	5	IS1610	2	32	0	0		4294967295	0.4000000059604645	1.0		44001	0	1	64	0	0	RANGE(44001)	CHASE(44001)
44002	20	IS44002	2	32	0	0		4294967295	0.4000000059604645	1.0		44002	4402	1	64	0	25	RANGE(44122);BUFF_I(298,0,3)\nRANGE(44121);BUFF_I(298,0,2)\nRANGE(44120);BUFF_I(298,0,1)\nRANGE(44002)	CHASE(44122)\nCHASE(44121)\nCHASE(44120)\nCHASE(44002)
44003	15	IS1620	2	32	1	0		4294967295	0.4000000059604645	1.0		44003	4403	1	64	0	12	RANGE(44003)	CHASE(44003)
44004	35	IS187	2	32	0	0		4294967295	0.4000000059604645	1.0		44004	4404	0	64	0	0	BUFF_I(298,0,5)\nBUFF_I(298,0,4)\nBUFF_I(298,0,3)\nBUFF_I(298,0,1)\nGO(0)	CHASE(44142)\nCHASE(44141)\nCHASE(44140)\nCHASE(44004)\nSKIP(729)
44005	90	IB007	2	32	0	120		4294967295	0.4000000059604645	1.0		44005	4405	4	64	0	30	RANGE(44150);BUFF_I(298,0,3)\nRANGE(44151);BUFF_I(298,0,2)\nRANGE(44152);BUFF_I(298,0,1)\nRANGE(44005)	CHASE(44152)\nCHASE(44151)\nCHASE(44150)\nCHASE(44005)
44006	5	IB033	2	32	0	0		4294967295	0.4000000059604645	1.0		44006	4406	2	64	0	12	BUFF_I(298,0,1)\nGO(0)	CHASE(44160)\nCHASE(44006)
44007	5	IS186	2	32	0	0		4294967295	0.4000000059604645	1.0		44007	4407	2	64	0	0	RANGE(44007)	CHASE(44007)
44008	45	IB013	2	32	1	20		4294967295	0.4000000059604645	1.0		44008	4408	2	64	0	20	RANGE(44008)	CHASE(44008)
44009	30	IS188	2	32	0	1		4294967295	0.4000000059604645	1.0		44009	4409	2	64	0	0	RANGE(44009);BUFF_I(298,0,1)\nGO(0)	CHASE(44009)\nSKIP(729)
44010	75	IB037	2	32	0	80		4294967295	0.4000000059604645	1.0		44010	4410	0	64	0	20	BUFF_I(298,0,1)\nGO(0)	CHASE(44010)\nSKIP(729)
44011	70	IS185	2	32	0	70		4294967295	0.4000000059604645	1.0		44011	4411	4	64	0	30	RANGE(44212);BUFF_I(298,0,3)\nRANGE(44211);BUFF_I(298,0,2)\nRANGE(44210);BUFF_I(298,0,1)\nRANGE(44011)	CHASE(44212)\nCHASE(44211)\nCHASE(44210)\nCHASE(44011)
44012	50	IS189	2	32	0	30		4294967295	0.4000000059604645	1.0		44012	4412	0	64	0	40	BUFF_I(298,0,5)\nBUFF_I(298,0,4)\nBUFF_I(298,0,3)\nGO(0)	CHASE(44222)\nCHASE(44221)\nCHASE(44220)\nCHASE(44012)
44013	40	IS44013	2	32	0	10		4294967295	0.4000000059604645	1.0		0	4413	4	64	0	15	BUFF_I(298,0,1)\nGO(0)	CHASE(44013)\nSKIP(729)
44014	115	IS44014	2	32	0	140		1	8.0	1.0		0	4414	0	64	0	0	GO(0)	CHASE(44014)
44015	65	IB012	2	32	1	60		4294967295	0.4000000059604645	1.0		44015	4415	4	64	0	15	RANGE(44015)	CHASE(44015)
44016	25	IS43017	2	32	1	0		4294967295	0.4000000059604645	1.0		44016	4416	1	64	0	15	GO(0)	CHASE(44016)
44017	80	IS164	2	32	0	100		4294967295	0.4000000059604645	1.0		0	4417	0	64	0	0	GO(0)	CHASE(44017)
44018	15	IS1611	2	32	0	0		4294967295	0.4000000059604645	1.0		44018	4418	0	64	0	0	GO(0)	CHASE(44018)
44019	60	IS44019	2	32	1	50		4294967295	0.4000000059604645	1.0		44019	4419	1	64	0	18	RANGE(44019)	CHASE(44019)
44020	85	IS44020	2	32	0	110		4294967295	0.4000000059604645	1.0		44020	4420	0	64	0	25	RANGE(44302);BUFF_I(298,0,3)\nRANGE(44301);BUFF_I(298,0,2)\nRANGE(44300);BUFF_I(298,0,1)\nRANGE(44020)	CHASE(44302)\nCHASE(44301)\nCHASE(44300)\nCHASE(44020)
44021	55	IS162	2	32	1	40		4294967295	0.4000000059604645	1.0		44021	4421	1	64	0	24	GO(0)	CHASE(44021)
44022	100	IS44022	2	32	0	130		4294967295	0.4000000059604645	1.0		44022	4422	4	64	0	70	RANGE(44022);BUFF_I(298,0,3)\nGO(0)	CHASE(44022)\nSKIP(731)
44023	40	I_PER2_1	1	32	0	0	44000;1	1	8.0	1.0		44023	0	0	0	0	0		
44024	80	I_PER2_2	1	32	0	90	44023;1	1	8.0	1.0		44024	0	0	0	0	0		
44025	120	I_PER2_3	1	32	0	150	44024;1	1	8.0	1.0		44025	0	0	0	0	0		
45000	1	ICON_Class_Voodooist_s	2	8	0	0		1	0.4000000059604645	1.0		45000	0	1	32	0	0		
45001	5	IS201	2	8	0	0		4294967295	0.4000000059604645	1.0		45001	0	1	32	0	6	RANGE(45001);BUFF_I(45101,0,1)\nRANGE(45001);BUFF_I(45100,0,1)\nRANGE(45001)	CHASE(45111)\nCHASE(45110)\nCHASE(45001)
45002	5	IS206	2	8	1	0		4294967295	0.4000000059604645	1.0		0	4502	1	32	0	0	BUFF_ENEMY(45002,0,3)\nBUFF_ENEMY(45002,0,1)\nBUFF_I(45120,0,1)\nGO(0)	SKIP(935)\nCHASE(45120)\nSKIP(936)\nCHASE(45002)
45003	5	IS45003	2	8	0	0		4294967295	0.4000000059604645	1.0		45003	4503	1	32	0	12	BUFF_ENEMY(45002,0,0)\nBUFF_ENEMY(45002,0,1)	CHASE(45003)\nCHASE(45130)
45004	55	IS45004	2	8	0	0		4294967295	0.4000000059604645	1.0		45004	4504	1	32	0	15	BUFF_ENEMY(45002,0,0)\nBUFF_ENEMY(45002,0,1)	CHASE(45004)\nCHASE(45140)
45005	35	IS45005	2	8	0	0		4294967295	0.4000000059604645	1.0		45005	4505	0	32	0	18	GO(0)	CHASE(45005)
45006	60	IB036	2	8	1	0		4294967295	0.4000000059604645	1.0		0	4506	1	32	0	0	BUFF_ENEMY(45002,0,1)\nGO(0)	CHASE(45006)\nSKIP(937)
45007	15	IS212	2	8	1	0		4294967295	0.4000000059604645	1.0		0	4507	1	32	0	0	BUFF_ENEMY(45002,0,1)\nGO(0)	CHASE(45007)\nSKIP(937)
45008	15	IS2010	2	8	0	0		4294967295	0.4000000059604645	1.0		45008	4508	1	32	0	0	BUFF_ENEMY(45002,0,1);RANGE(45008)\nBUFF_ENEMY(45002,0,0);BUFF_I(298,0,1)\nBUFF_I(298,0,0)	CHASE(45008)\nCHASE(45180)\nSKIP(729)
45009	20	IS200a	2	8	0	0		4294967295	0.4000000059604645	1.0		0	4509	1	32	0	18	BUFF_ENEMY(45002,0,1);BUFF_I(298,0,1)\nBUFF_ENEMY(45002,0,0)\nBUFF_I(298,0,0)	CHASE(45009)\nSKIP(937)\nSKIP(729)
45010	25	IS203	2	8	0	0		4294967295	0.4000000059604645	1.0		45010	4510	1	32	0	25	BUFF_ENEMY(45002,0,1)\nBUFF_ENEMY(45002,0,0)	CHASE(45010)\nSKIP(937)
45011	115	IS45011	2	8	0	0		4294967295	0.4000000059604645	1.0		45011	4511	1	32	0	60	BUFF_ENEMY(45002,0,1);BUFF_I(298,0,3)\nBUFF_ENEMY(45002,0,0)\nGO(0)	CHASE(45011)\nSKIP(937)\nSKIP(731)
45012	30	IS45012	2	8	0	0		4294967295	0.4000000059604645	1.0		45012	4512	0	32	0	0	BUFF_I(45120,0,0)\nGO(0)	CHASE(45012)\nSKIP(938)
45013	40	IS45013	2	8	1	0		4294967295	0.4000000059604645	1.0		45013	4513	0	32	0	20	BUFF_I(45120,0,0)\nGO(0)	CHASE(45013)\nSKIP(938)
45014	70	IS45014	2	8	0	0		4294967295	0.4000000059604645	1.0		45014	4514	0	32	0	12	BUFF_I(45120,0,0)\nGO(0)	CHASE(45014)\nSKIP(938)
45015	50	IS45015	2	8	0	0		4294967295	0.4000000059604645	1.0		0	4515	0	32	0	25	BUFF_I(298,0,2)\nGO(0)	CHASE(45015)\nSKIP(730)
45016	85	IS45016	2	8	1	0		4294967295	0.4000000059604645	1.0		45016	4516	1	32	0	20	BUFF_I(45120,0,0)\nGO(0)	CHASE(45016)\nSKIP(938)
45017	65	IS45017	2	8	0	0		4294967295	0.4000000059604645	1.0		45017	4517	0	32	0	0	BUFF_I(45120,0,0)\nGO(0)	CHASE(45017)\nSKIP(938)
45018	80	IS45018	2	8	0	0		4294967295	0.4000000059604645	1.0		0	4518	0	32	0	30	BUFF_I(298,0,3)\nGO(0)	CHASE(45018)\nSKIP(731)
45019	75	IS1630	2	8	1	0		4294967295	0.4000000059604645	1.0		45019	4519	0	32	0	30	GO(0)	CHASE(45019)
45020	90	IS213	2	8	0	0		4294967295	0.4000000059604645	1.0		0	0	0	32	0	0	BUFF_I(298,0,5)\nGO(0)	CHASE(45020)\nSKIP(733)
45021	100	IS207	2	8	0	0		4294967295	0.4000000059604645	1.0		45021	4521	1	32	0	40	BUFF_ENEMY(45002,0,1);BUFF_I(298,0,5)\nBUFF_ENEMY(45002,0,1);BUFF_I(298,0,4)\nBUFF_ENEMY(45002,0,1);BUFF_I(298,0,3)\nBUFF_ENEMY(45002,0,1);BUFF_I(298,0,2)\nBUFF_ENEMY(45002,0,1);BUFF_I(298,0,1)\nBUFF_I(298,0,0)\nBUFF_ENEMY(45002,0,0)	CHASE(45021)\nCHASE(45310)\nCHASE(45311)\nCHASE(45312)\nCHASE(45313)\nSKIP(729)\nSKIP(937)
45022	45	IB037	2	8	0	0		4294967295	0.4000000059604645	1.0		45022	0	4	32	0	20	BUFF_I(298,0,2)\nGO(0)	CHASE(45022)\nSKIP(730)
45023	40	I_CON5_1	2	8	0	0		1	8.0	1.0		45023	0	0	0	0	0		
45024	80	I_CON5_2	2	8	0	0		1	8.0	1.0		45024	0	0	0	0	0		
45025	120	I_CON5_3	2	8	0	0		1	8.0	1.0		45025	0	0	0	0	0		
80410	1		2	0	0	0		1	0.0	0.0		0	8041	4	0	0	0	GO(0)	CHASE(8041)
80411	1		2	0	0	0		1	0.0	0.0		0	8041	4	0	0	0	GO(0)	CHASE(80410)
